objectId,clusterId,area,perimeter,compactness,meanB1,stdB1,meanB2,stdB2,meanB3,stdB3,meanB4,stdB4,meanB5,stdB5,meanB6,stdB6
1,1,117,47.0711,18.9375,0.0861552,0.00171857,0.0972257,0.00144086,0.0815051,0.00195437,0.0737717,0.00237094,0.392626,0.0194372,0.61036,0.015428
2,1,179,64.4853,23.231,0.0764026,0.00362943,0.0850755,0.00501575,0.070409,0.00451791,0.0700146,0.00225527,0.384577,0.0249321,0.558886,0.0442133
3,1,98,47.0711,22.609,0.0699537,0.00481525,0.0723484,0.00962839,0.0634662,0.00494486,0.0633741,0.00425397,0.395158,0.012065,0.542609,0.0372017
4,1,2734,392.693,56.4039,0.0658618,0.00273648,0.0645565,0.00262445,0.0620166,0.00248904,0.0613329,0.00244243,0.345788,0.0360697,0.547154,0.0309506
5,1,145,68.4853,32.3464,0.0668765,0.00204215,0.0657135,0.00238359,0.0623214,0.0022386,0.0631918,0.00290809,0.384016,0.0177427,0.540913,0.024014
6,1,10560,892.919,75.5023,0.0705739,0.0048406,0.0692064,0.00492615,0.0668216,0.00463009,0.0666204,0.00500974,0.303536,0.0384155,0.607107,0.0416182
7,1,305,120.728,47.7876,0.0615886,0.00310624,0.0609434,0.00343792,0.0569961,0.00342157,0.0593545,0.00305476,0.355153,0.0413151,0.569074,0.0172105
8,1,291,112.728,43.6687,0.0644884,0.00217813,0.0637751,0.00318504,0.0596207,0.00294935,0.0620421,0.00286525,0.316165,0.0371652,0.553172,0.0184044
9,1,6205,586.049,55.351,0.0641836,0.00298178,0.0622913,0.00303174,0.0611296,0.003217,0.0595188,0.00260255,0.325195,0.0416904,0.660459,0.051075
10,1,75,30.8284,12.6719,0.061515,0.00133911,0.0609268,0.000934746,0.0579708,0.000901907,0.0595499,0.000831825,0.266092,0.0110491,0.581441,0.00347051
11,1,1396,211.841,32.1465,0.0667115,0.00215814,0.0652919,0.00217974,0.0635189,0.00248719,0.063725,0.00213708,0.317077,0.0336777,0.668275,0.0471783
12,1,180,94.8284,49.9579,0.0679571,0.00719483,0.0654626,0.00843525,0.0644747,0.00822166,0.0631573,0.00882307,0.357843,0.0409087,0.593844,0.041936
13,1,1391,328.083,77.3822,0.0695415,0.00599308,0.0669688,0.00613288,0.0622132,0.00565536,0.0652146,0.00603638,0.306367,0.034092,0.661293,0.0304249
14,1,126,56.4853,25.3221,0.0667818,0.00144701,0.0645768,0.00129073,0.0623277,0.00213458,0.0612887,0.00143795,0.353782,0.0475634,0.596203,0.0466915
15,1,115,61.6569,33.0571,0.0759988,0.0174453,0.0738563,0.0177275,0.063291,0.0127673,0.0692323,0.0153159,0.355874,0.047271,0.615276,0.0153894
16,1,117,63.3137,34.2618,0.0665981,0.00169385,0.0659029,0.00222952,0.0621452,0.002194,0.0642768,0.00191414,0.360985,0.0225297,0.639524,0.0146314
17,1,170,61.0711,21.9393,0.0801146,0.00230105,0.0768852,0.00364645,0.0697037,0.00325861,0.0751391,0.00349284,0.303437,0.0233827,0.683466,0.00706801
18,1,3010,641.865,136.874,0.0641267,0.00118462,0.0690841,0.00132563,0.0596144,0.00109195,0.0669603,0.00118504,0.366793,0.0316573,0.578854,0.0229939
19,1,107,56.8284,30.182,0.0647987,0.000857525,0.0698063,0.000893958,0.0603381,0.00113553,0.0675032,0.000974438,0.385377,0.0207826,0.635135,0.0100346
20,1,85,36.2426,15.4533,0.0646042,0.00106521,0.0698777,0.00114172,0.059683,0.00109245,0.0674485,0.00138936,0.376701,0.0237312,0.625676,0.0174109
21,1,269,88.3848,29.0404,0.0646003,0.000954445,0.0699063,0.00094906,0.0600383,0.00099989,0.0674967,0.000974363,0.379794,0.0255703,0.560936,0.0182892
22,1,127,44.4853,15.5822,0.0645142,0.000937115,0.0695133,0.000996982,0.0598891,0.000953413,0.0671232,0.000923652,0.371005,0.0187728,0.585071,0.005583
23,1,208,108.243,56.3292,0.0671525,0.00202996,0.0733539,0.00260308,0.0617661,0.00164929,0.0685889,0.0020415,0.382579,0.0195914,0.644101,0.0293317
24,1,121,44.4853,16.3549,0.0687998,0.00122345,0.0754521,0.00111143,0.0625537,0.0012886,0.0690053,0.00120625,0.380392,0.0169031,0.594874,0.00552122
25,1,51,24.8284,12.0873,0.0633053,0.00081636,0.0683564,0.00101227,0.0591712,0.000844263,0.0661484,0.00094579,0.370473,0.0226991,0.573927,0.00364274
26,1,236,126.385,67.6827,0.0666054,0.00123204,0.0730029,0.00157988,0.0612541,0.00136122,0.0679484,0.00142865,0.377501,0.020935,0.628922,0.0288731
27,1,496,111.213,24.9362,0.0654477,0.00104347,0.0711589,0.00101543,0.0604707,0.00102865,0.0678023,0.00105802,0.377854,0.020831,0.661358,0.021789
28,1,173,87.6569,44.4146,0.0675182,0.00190763,0.0737721,0.00233764,0.0620228,0.00166935,0.0692949,0.00157612,0.374566,0.0205253,0.628574,0.0382594
29,1,130,74.2426,42.3998,0.067131,0.00368465,0.0731754,0.00304077,0.0609149,0.00276525,0.0683171,0.00429379,0.385219,0.0144909,0.603378,0.0378309
30,1,76,38.4853,19.4884,0.06668,0.000785845,0.072209,0.000921137,0.0606734,0.000850528,0.0691915,0.000719859,0.373994,0.0159275,0.687678,0.00472702
31,1,93,60.8284,39.786,0.0659792,0.00100514,0.0723239,0.00108607,0.0602541,0.00107592,0.0688116,0.000727511,0.386633,0.01197,0.587039,0.0122101
32,1,136,57.8995,24.6496,0.0655576,0.000794783,0.0717472,0.000861767,0.0594761,0.000817415,0.0681767,0.000840189,0.382612,0.0188894,0.551719,0.0170576
33,1,103,49.6569,23.9398,0.0668289,0.00130149,0.0732901,0.00124853,0.0607081,0.00113817,0.0689273,0.0012838,0.380887,0.017165,0.570323,0.00749904
34,1,228,78.9706,27.3524,0.0658924,0.000774611,0.0719619,0.000835697,0.060198,0.000925088,0.0695235,0.000877991,0.383849,0.0185722,0.634216,0.0103093
35,1,186,65.5563,23.1056,0.0662265,0.000858489,0.0722265,0.000943208,0.0609133,0.00104068,0.0692821,0.000908328,0.367721,0.0248605,0.712148,0.008445
36,1,119,62.8284,33.1715,0.0670772,0.000994446,0.0732075,0.00108318,0.0613852,0.00101977,0.0693497,0.00109473,0.379371,0.0204465,0.655349,0.0426571
37,1,198,111.314,62.5795,0.0673924,0.00118255,0.0724723,0.00303965,0.0611748,0.00141214,0.068725,0.00220947,0.37243,0.0289705,0.556477,0.0467371
38,1,217368,15422.5,1094.24,0.0719571,0.010366,0.0754311,0.0110517,0.0686984,0.0122649,0.0697632,0.00989639,0.321819,0.0450333,0.600296,0.0551144
39,1,109,62.2426,35.5426,0.0642072,0.00225189,0.0682864,0.00367909,0.0592764,0.00170096,0.0661369,0.00259021,0.353877,0.0271949,0.574758,0.0315234
40,1,137,42.7279,13.3261,0.0632294,0.00101308,0.0676289,0.000882874,0.0583534,0.00111356,0.0655745,0.00105998,0.375698,0.0146183,0.65797,0.00841037
41,1,1689,280.468,46.5733,0.0651671,0.000953766,0.0711411,0.00105702,0.0598682,0.00106738,0.0667465,0.000962667,0.338992,0.0415301,0.573388,0.0640111
42,1,67,29.0711,12.6138,0.0649379,0.000990634,0.0710843,0.000817669,0.0598699,0.000987844,0.066925,0.00090086,0.37173,0.0150521,0.690803,0.0126859
43,1,56,26.2426,12.2978,0.0654085,0.000674625,0.0712759,0.000655437,0.0599222,0.000802344,0.0674713,0.000740327,0.364846,0.0282104,0.65082,0.0114998
44,1,64,28.8284,12.9856,0.0637911,0.000902483,0.0699971,0.00104676,0.0597855,0.000856561,0.0658612,0.000817889,0.383885,0.0148217,0.593539,0.00718838
45,1,156,70.4853,31.8473,0.0637405,0.00124105,0.0664181,0.00313653,0.0598707,0.000978451,0.0632075,0.00230245,0.372197,0.0200177,0.538202,0.0578951
46,1,76,34.2426,15.4284,0.0635495,0.000848996,0.0666561,0.00104063,0.0617292,0.00133465,0.0631141,0.00117707,0.374252,0.0201608,0.571657,0.00842486
47,1,170,80.1421,37.781,0.0657672,0.000967673,0.0712651,0.00113348,0.0597562,0.00102297,0.0676018,0.00109754,0.380531,0.0164183,0.669992,0.0769739
48,1,7161,839.061,98.3135,0.0882984,0.00744173,0.0926824,0.00694514,0.0892112,0.00680984,0.085118,0.00611697,0.347474,0.042723,0.56402,0.0735772
49,1,106,47.6569,21.4262,0.0650386,0.00116332,0.0654263,0.000853702,0.0596731,0.000789915,0.0635467,0.00091304,0.352497,0.0249731,0.572794,0.0159485
50,1,89,46.8284,24.6393,0.0702237,0.00680268,0.0758545,0.00624683,0.0681433,0.0116945,0.0716087,0.00598718,0.381802,0.0144984,0.631567,0.0447057
51,1,253,129.071,65.8472,0.0791021,0.013496,0.0844184,0.0141924,0.0792705,0.0166736,0.079504,0.0126806,0.384624,0.0181081,0.59828,0.0498418
52,1,158,77.0711,37.5946,0.0698837,0.00887746,0.0746054,0.00717207,0.0656682,0.0106363,0.0704037,0.00622315,0.388037,0.0192865,0.56915,0.0191588
53,1,180,82.4853,37.799,0.0731126,0.0135518,0.0742036,0.0147978,0.0704594,0.0173847,0.0705695,0.012383,0.364619,0.0276956,0.553153,0.069854
54,1,246,104.728,44.5851,0.0883743,0.00634518,0.09267,0.00663521,0.0864564,0.0101809,0.0831411,0.00684082,0.387167,0.0191052,0.595803,0.0267514
55,1,50,30.8284,19.0078,0.0654189,0.000992377,0.071845,0.00078356,0.0600399,0.00112341,0.0667839,0.00129623,0.384314,0.0140083,0.609054,0.00540709
56,1,1991,388.225,75.7001,0.064357,0.00139553,0.0692071,0.00161911,0.0572631,0.00142504,0.0669246,0.00135266,0.344564,0.039359,0.563716,0.0354028
57,1,127,45.0711,15.9953,0.066274,0.00131156,0.073658,0.00185959,0.0683136,0.00284216,0.0642222,0.00222516,0.379558,0.0189108,0.571611,0.00426153
58,1,670,129.456,25.0132,0.0630429,0.00126309,0.0677547,0.00148646,0.0574772,0.0014588,0.0658239,0.001225,0.33235,0.038548,0.60949,0.0401903
59,1,171,86.4853,43.741,0.0640898,0.00123983,0.0685151,0.00137873,0.0578281,0.00125673,0.0663771,0.00107103,0.374751,0.0207209,0.626442,0.0615786
60,1,3884,475.907,58.3129,0.0659422,0.00109127,0.070954,0.00110309,0.058743,0.00108796,0.067966,0.00118012,0.335772,0.0413193,0.635558,0.0759335
61,1,457,170.627,63.7062,0.0654686,0.00127712,0.070522,0.00119796,0.0584535,0.00112314,0.0677593,0.00124011,0.378367,0.0181063,0.645529,0.025766
62,1,61813,5154.91,429.895,0.0650974,0.00126212,0.0699806,0.00141548,0.0584248,0.00124136,0.0675983,0.00144418,0.314023,0.0431768,0.603812,0.0506712
63,1,250,129.071,66.6374,0.0644838,0.00217016,0.0682088,0.00382596,0.0570765,0.00172683,0.0661931,0.0037603,0.365161,0.0274864,0.617135,0.0296306
64,1,4231,664.492,104.361,0.0715442,0.00532451,0.0736722,0.00531587,0.0586494,0.00506128,0.0705969,0.00586012,0.331139,0.0357887,0.605673,0.0471607
65,1,56,26.2426,12.2978,0.0637235,0.000889643,0.0630537,0.000871072,0.0606367,0.00108629,0.0593366,0.000976178,0.365686,0.01799,0.500603,0.0123983
66,1,1185,250.77,53.0678,0.0682155,0.00140243,0.0741558,0.0018782,0.0612096,0.00139055,0.070665,0.00205065,0.356697,0.0348997,0.614671,0.0405391
67,1,53,25.6569,12.4203,0.0748486,0.00391149,0.0807707,0.00369863,0.0644075,0.00239601,0.0743484,0.0031081,0.391417,0.0128618,0.509434,0.00660717
68,1,377,137.799,50.3675,0.0625521,0.000954876,0.0660557,0.000977515,0.0574962,0.000904164,0.0648373,0.000978875,0.311042,0.0313501,0.700803,0.0473884
69,1,128,65.6569,33.6783,0.0708075,0.00906743,0.0729363,0.00662647,0.0621329,0.00500963,0.0669006,0.00479552,0.383946,0.0147421,0.621358,0.0205395
70,1,353,123.213,43.0071,0.0660963,0.0137562,0.0657549,0.0150658,0.0621313,0.014995,0.0611127,0.0128881,0.378915,0.0174792,0.688328,0.0110684
71,1,65,27.6569,11.7677,0.0606709,0.00110145,0.061208,0.00142078,0.056572,0.0013795,0.0557432,0.00130367,0.383469,0.0126372,0.658108,0.00351592
72,1,129,67.6569,35.4841,0.0625197,0.0024477,0.066847,0.00275641,0.0579166,0.00134057,0.0652631,0.002919,0.367381,0.0209738,0.609679,0.0447364
73,1,81,46.8284,27.0729,0.0652073,0.000872052,0.0701555,0.000781188,0.0583803,0.00086906,0.0687528,0.000815785,0.374728,0.0152069,0.660577,0.00745263
74,1,50,26,13.52,0.0926138,0.00153016,0.0942915,0.00221015,0.0883973,0.0016331,0.0833652,0.00168328,0.368,0.026474,0.63473,0.0153728
75,1,1625,290.569,51.957,0.0634917,0.00116249,0.0685513,0.00169825,0.0586426,0.00118207,0.0653885,0.00142534,0.34531,0.0392141,0.538266,0.0180549
76,1,171,97.4142,55.4943,0.0642084,0.00184027,0.0671052,0.00400271,0.0577854,0.00114744,0.0646823,0.0045581,0.360211,0.0306054,0.639758,0.0334341
77,1,122,40.4853,13.4349,0.0847652,0.00136257,0.0873825,0.00182312,0.082791,0.0017974,0.078824,0.00145551,0.378431,0.0236696,0.508086,0.00772036
78,1,17627,1316.3,98.2948,0.0690231,0.00531172,0.0745013,0.00491489,0.0618227,0.0042581,0.0713216,0.00452939,0.331029,0.0404062,0.604725,0.0498158
79,1,113,49.6569,21.8213,0.0662745,0.000915271,0.0654398,0.000963966,0.0633504,0.00126333,0.0596833,0.00104062,0.384765,0.0223777,0.592502,0.0222754
80,1,70,31.4142,14.0979,0.06564,0.000910017,0.0699665,0.000957979,0.0587443,0.00103602,0.0682132,0.00097734,0.385042,0.012617,0.57973,0.00959636
81,1,127,74.2426,43.4013,0.0661712,0.00119722,0.0705138,0.00106832,0.0583653,0.00100507,0.069207,0.00111648,0.284885,0.0231952,0.70116,0.0216706
82,1,129,71.6569,39.8039,0.064781,0.00108818,0.0678778,0.00271842,0.0594046,0.00114665,0.0635176,0.00479008,0.368384,0.0267705,0.604075,0.0602966
83,1,87,46.8284,25.2058,0.0648422,0.000947981,0.0703003,0.000934664,0.0591686,0.00100804,0.0674995,0.00123496,0.353167,0.0381248,0.650746,0.0183921
84,1,85,44.8284,23.6422,0.085554,0.0150927,0.0899777,0.0140269,0.0813641,0.0162686,0.0847852,0.013059,0.393264,0.0122042,0.568204,0.043154
85,1,86,35.4142,14.5833,0.0669425,0.00114958,0.0721701,0.00123989,0.0600044,0.00104385,0.0699137,0.00134722,0.37036,0.0199747,0.650927,0.00656634
86,1,123,46.4853,17.5681,0.0666505,0.000985973,0.0700584,0.000933417,0.0639113,0.0011577,0.0627743,0.000971896,0.378702,0.0337275,0.618545,0.0044145
87,1,144,60.2426,25.2026,0.0629608,0.00138235,0.0642918,0.00293117,0.0577553,0.00125861,0.0588178,0.00423828,0.382653,0.0169215,0.584178,0.00951811
88,1,70,30.8284,13.577,0.0654315,0.00111279,0.0698999,0.00086738,0.058722,0.000864713,0.0674172,0.000864582,0.382241,0.0180163,0.596815,0.00423063
89,1,127,65.4142,33.6931,0.0743147,0.0197749,0.0782685,0.0167168,0.0669437,0.0116476,0.0721126,0.0155264,0.369986,0.0248577,0.621515,0.0486645
90,1,315,167.657,89.2344,0.0666997,0.00607038,0.0711813,0.00769475,0.0601458,0.00673294,0.0693733,0.00807383,0.354946,0.0394396,0.625311,0.0623025
91,1,112,43.0711,16.5635,0.0647136,0.00109553,0.0691201,0.00108017,0.0576711,0.000958862,0.0679733,0.0010041,0.368908,0.0328717,0.568774,0.0129029
92,1,106,51.6569,25.1739,0.0651771,0.000859954,0.0701831,0.000960514,0.0582148,0.00101588,0.0685199,0.000881945,0.363966,0.0183868,0.606323,0.0435353
93,1,196,69.3137,24.5122,0.064797,0.00117035,0.0705704,0.00125086,0.0584141,0.00137814,0.06807,0.00129805,0.37619,0.0232763,0.558777,0.0296854
94,1,220,74.4853,25.2184,0.0646366,0.00101912,0.0694853,0.00102191,0.0573158,0.00094568,0.0682498,0.00110982,0.348681,0.0270707,0.57586,0.0124641
95,1,858,165.698,32,0.0639274,0.00109915,0.0687504,0.00104758,0.0569733,0.00103906,0.0673789,0.0010809,0.316025,0.0363213,0.599241,0.0112635
96,1,219,101.071,46.6455,0.0646403,0.000992349,0.0696092,0.00119105,0.0578642,0.00136037,0.0680076,0.00100537,0.382326,0.0145162,0.609774,0.0279025
97,1,79,41.4142,21.7106,0.0648438,0.000755132,0.0697973,0.000809183,0.0580809,0.00138928,0.067497,0.00103045,0.385108,0.0173186,0.612128,0.00709216
98,1,173,94.8284,51.9794,0.0643415,0.00119526,0.06911,0.00174639,0.0586618,0.00115731,0.0667759,0.00116041,0.374861,0.0226514,0.648766,0.0364658
99,1,206,118.243,67.8705,0.0658799,0.00324103,0.0707405,0.00351242,0.059065,0.00225599,0.0680576,0.00181882,0.363354,0.0377615,0.604271,0.0372665
100,1,163,77.0711,36.4414,0.0665717,0.00177803,0.0719335,0.0017895,0.0580752,0.00174393,0.068836,0.0019151,0.386118,0.018533,0.565702,0.014557
101,1,56,28.8284,14.8407,0.0649573,0.000966108,0.0696524,0.00076701,0.0593373,0.000875659,0.0671759,0.000832189,0.378011,0.0159239,0.688103,0.00708387
102,1,303,117.799,45.7974,0.06906,0.00177896,0.0740853,0.00158605,0.063415,0.00161966,0.071981,0.00170219,0.366893,0.0260739,0.630564,0.00930224
103,1,94,42.2426,18.9834,0.0684965,0.000852565,0.0725773,0.00124859,0.0618888,0.00120096,0.0703722,0.00118145,0.379224,0.0169672,0.623994,0.00337227
104,1,2063,378.368,69.3951,0.0651928,0.00384425,0.0711484,0.0038286,0.0595916,0.00328525,0.0686865,0.00326133,0.346965,0.037615,0.54246,0.0342588
105,1,817,271.497,90.2214,0.0650824,0.00213225,0.070711,0.0018605,0.0592993,0.00153684,0.0682984,0.00169974,0.381904,0.0187954,0.602815,0.0257639
106,1,174,62.9706,22.789,0.0702515,0.00091541,0.0760889,0.00100886,0.0661656,0.0013947,0.0723135,0.00113181,0.378341,0.0268741,0.604031,0.0157183
107,1,55,26.8284,13.0866,0.0680383,0.00103249,0.069358,0.000911294,0.0643691,0.0010009,0.0670671,0.000969496,0.389661,0.0107945,0.592015,0.0086903
108,1,69,30.4853,13.4689,0.0651784,0.00109978,0.0689915,0.0010141,0.059395,0.00114613,0.0672414,0.000941601,0.366695,0.0215479,0.639052,0.00465937
109,1,81,52.8284,34.4548,0.0633549,0.000958618,0.0678032,0.00143719,0.0570151,0.00130161,0.0664266,0.00128159,0.374147,0.0229475,0.572739,0.00648186
110,1,34828,3430.3,337.86,0.0704154,0.00369508,0.0763013,0.00444132,0.0664746,0.0048921,0.0684323,0.00319375,0.353693,0.0392772,0.631632,0.0615996
111,1,84,35.6569,15.1358,0.0716842,0.00579517,0.077284,0.00485076,0.0641365,0.00367804,0.0735419,0.00482574,0.360317,0.0249743,0.691763,0.00690827
112,1,279,108.142,41.9166,0.0628029,0.000842131,0.0669296,0.000924149,0.0563588,0.000948691,0.0657582,0.00089886,0.344156,0.0313769,0.656665,0.0242922
113,1,234,124.485,66.2247,0.0684546,0.00409933,0.073372,0.00483697,0.0630186,0.0054954,0.0707826,0.00358014,0.368292,0.0307508,0.62526,0.0457246
114,1,199,79.0711,31.4183,0.0636139,0.00107403,0.0674542,0.00102518,0.0566526,0.00100967,0.0662182,0.00115171,0.320958,0.028713,0.67408,0.0545313
115,1,53,24.8284,11.6311,0.0721615,0.00114956,0.0778401,0.00127888,0.0677223,0.00121721,0.0723175,0.00139831,0.368627,0.0263453,0.649669,0.00304903
116,1,300,122.385,49.9268,0.063127,0.00106661,0.0672933,0.00105672,0.0570451,0.00105645,0.0661033,0.00108879,0.336444,0.020636,0.657635,0.0180644
117,1,205,106.485,55.3128,0.0655564,0.00276185,0.068834,0.00131151,0.0587639,0.00216072,0.0673716,0.00124256,0.351066,0.0186352,0.623896,0.0108209
118,1,151,81.4142,43.8959,0.0657583,0.00111604,0.0698894,0.00105048,0.0590441,0.00113047,0.0678571,0.00118855,0.36455,0.0362883,0.587122,0.0318932
119,1,209,73.6569,25.9585,0.0663245,0.00310792,0.071162,0.00413558,0.0610497,0.00460141,0.0670442,0.00203531,0.370072,0.018783,0.589357,0.0329704
120,1,457,181.456,72.0486,0.0655137,0.00200885,0.0703187,0.00218468,0.0597973,0.00221835,0.0660256,0.00191071,0.384357,0.0179858,0.62724,0.0351191
121,1,263,113.799,49.2403,0.0649121,0.000788666,0.0693548,0.000895726,0.059012,0.00101072,0.0662383,0.00125711,0.381182,0.0180509,0.619772,0.0195434
122,1,271,145.071,77.6591,0.0659495,0.00132201,0.070907,0.00179816,0.060641,0.00195307,0.066856,0.00243288,0.374199,0.0220838,0.638576,0.0473982
123,1,223,79.3137,28.2093,0.0678002,0.00110155,0.0725888,0.00122947,0.0610584,0.00119868,0.0693645,0.00135346,0.385879,0.0190014,0.518543,0.00851826
124,1,77,40.2426,21.0321,0.0696849,0.00176988,0.0758644,0.00201341,0.0653752,0.00187512,0.0671511,0.0033245,0.378151,0.0187852,0.646104,0.011831
125,1,161,67.0711,27.9412,0.0689556,0.00102194,0.0749138,0.00114399,0.064763,0.00144753,0.0645343,0.00388695,0.370235,0.0264081,0.689483,0.0399866
126,1,78,32.2426,13.328,0.074987,0.00072292,0.0807897,0.000985052,0.0702801,0.0015181,0.0720391,0.00120368,0.389241,0.0127837,0.659563,0.00660173
127,1,68,34.2426,17.2435,0.0826746,0.00177038,0.0865699,0.00246193,0.0744136,0.00279069,0.0830286,0.00292689,0.388466,0.0110895,0.620827,0.0035771
128,1,119,63.0711,33.4282,0.0748336,0.00374659,0.0808388,0.00391379,0.071813,0.00457388,0.0747445,0.00532614,0.390476,0.0149227,0.582898,0.100336
129,1,156,71.8995,33.1381,0.0760794,0.00372934,0.0831237,0.00482209,0.0740593,0.00601965,0.0784294,0.00402364,0.391252,0.0168898,0.538981,0.0308103
130,1,459,122.142,32.5026,0.0675203,0.00109179,0.0718746,0.00112923,0.0610992,0.00124952,0.0652608,0.00253303,0.374805,0.0295648,0.638506,0.0313556
131,1,168,87.8995,45.99,0.0723994,0.00326569,0.0767686,0.00345456,0.0659926,0.00433843,0.0706532,0.00214372,0.377824,0.021492,0.551842,0.0629775
132,1,1890,478.167,120.975,0.0682968,0.00154365,0.072151,0.00170201,0.0617797,0.00175845,0.0672207,0.00137734,0.382589,0.0251157,0.606535,0.0322195
133,1,153,51.0711,17.0474,0.0693375,0.00107952,0.0738017,0.00117415,0.0636802,0.00091851,0.0679109,0.00109046,0.388799,0.0115745,0.634252,0.0141329
134,1,104,49.6569,23.7096,0.0708477,0.00296809,0.0750341,0.00311117,0.0644604,0.00294295,0.0681193,0.00292734,0.380204,0.020582,0.564839,0.0739484
135,1,50,24.8284,12.329,0.0678404,0.00149701,0.0722763,0.00133366,0.0615821,0.00129791,0.0664114,0.0014363,0.388235,0.0131709,0.668919,0
136,1,263,130.142,64.3991,0.0685343,0.00507048,0.0727969,0.00622103,0.0630088,0.00713675,0.0690262,0.00547335,0.379348,0.0180979,0.636702,0.0443185
137,1,83,43.0711,22.3508,0.0660542,0.00102215,0.0700355,0.000989371,0.0600342,0.00110034,0.067256,0.00107767,0.380439,0.0152368,0.620482,0.0268395
138,1,96,51.6569,27.7962,0.0675577,0.00163183,0.0704805,0.00141236,0.0631197,0.00387592,0.0688313,0.0010728,0.362418,0.0282599,0.524564,0.0167539
139,1,201,86.4853,37.2125,0.0825961,0.0221084,0.086566,0.0185672,0.0685598,0.0142869,0.0798139,0.0151712,0.371983,0.0211831,0.595065,0.0709408
140,1,11812,1302.74,143.679,0.0711074,0.0129262,0.0755881,0.0116483,0.0632828,0.00829309,0.0712037,0.0098374,0.320338,0.0327099,0.642937,0.0377866
141,1,327,104.971,33.6967,0.0697043,0.0017313,0.0681727,0.00202835,0.0669808,0.00465829,0.0661706,0.00204341,0.36467,0.023769,0.585255,0.0483717
142,1,243,80.7279,26.8189,0.0731039,0.000877546,0.0714175,0.000872008,0.0702261,0.00106909,0.070075,0.00082193,0.358945,0.0228672,0.630269,0.0118623
143,1,1241,358.125,103.347,0.0703027,0.00341951,0.0726051,0.00309923,0.0641843,0.00318725,0.0702217,0.00306524,0.356569,0.0326132,0.686902,0.0433785
144,1,125,67.6569,36.6196,0.0688511,0.00101376,0.0714507,0.00108449,0.0609509,0.00106127,0.0699625,0.00105358,0.355671,0.0216233,0.682703,0.045726
145,1,98,56.2426,32.2779,0.0673654,0.00114143,0.0687059,0.00107126,0.0582643,0.00101424,0.0674241,0.00117801,0.335534,0.0219138,0.717044,0.0161305
146,1,103,54.8284,29.186,0.0675536,0.00102832,0.069974,0.00116036,0.059318,0.00106896,0.0684199,0.00138942,0.350352,0.0292778,0.703096,0.0350627
147,1,144,69.0711,33.1306,0.0651195,0.000985098,0.0662087,0.00104515,0.0567553,0.00101421,0.0649866,0.00100495,0.336166,0.0306753,0.58643,0.0260458
148,1,79,35.0711,15.5694,0.0686642,0.00113005,0.0729885,0.00109911,0.0618744,0.00107773,0.0712006,0.00134593,0.350757,0.0283802,0.651557,0.00595515
149,1,296,109.213,40.2957,0.0793788,0.02298,0.0855931,0.0183923,0.0680999,0.0128277,0.0744642,0.0154439,0.375848,0.0252439,0.626073,0.0161856
150,1,103,49.6569,23.9398,0.0693995,0.00351512,0.0749574,0.00201486,0.0603819,0.00114116,0.0683363,0.00257239,0.37628,0.0201848,0.682432,0.0532028
151,1,752,170.468,38.6428,0.0703377,0.00290592,0.0731763,0.00246628,0.0575699,0.00210432,0.0654149,0.00420987,0.33276,0.0314571,0.576723,0.034097
152,1,196,72.7696,27.0174,0.0740412,0.00268652,0.0760395,0.00204287,0.05889,0.00147332,0.0703614,0.0034005,0.332633,0.0247464,0.621415,0.00881787
153,1,143,70.8284,35.0816,0.070584,0.00419467,0.0711786,0.00568048,0.0593395,0.00160404,0.067389,0.00419941,0.364733,0.0242873,0.584625,0.0133909
154,1,96,37.0711,14.3153,0.0718764,0.00146705,0.0716986,0.00100093,0.057878,0.00103985,0.0612983,0.00179974,0.379371,0.0190041,0.627111,0.0114696
155,1,90,35.3137,13.8562,0.0629257,0.000869249,0.0605639,0.000651038,0.0614794,0.000752477,0.0579254,0.000626803,0.365664,0.0272593,0.504054,0.0113421
156,1,1191,308.51,79.9145,0.0650536,0.00168829,0.0624315,0.00215255,0.0618508,0.00290866,0.0606155,0.00186988,0.351351,0.0306937,0.694045,0.0371328
157,1,8173,980.032,117.516,0.0642407,0.00140495,0.0617121,0.0014937,0.0614139,0.00162099,0.0600785,0.00156292,0.338654,0.0384649,0.655098,0.0358317
158,1,113,45.8995,18.6439,0.0641651,0.000561349,0.061246,0.000639439,0.0610705,0.00085694,0.0588553,0.000625009,0.379698,0.0190925,0.621263,0.0085675
159,1,317,78.6274,19.5024,0.0640365,0.000650742,0.0616754,0.000700425,0.0622973,0.000923349,0.058772,0.000725009,0.361922,0.0259785,0.654595,0.0363594
160,1,1054,215.012,43.8617,0.063302,0.00366482,0.0613919,0.00360991,0.0608251,0.00360547,0.0596675,0.00402277,0.262027,0.0272332,0.475685,0.0278209
161,1,1921,367.581,70.3361,0.0667658,0.00149244,0.0641558,0.00140796,0.0652266,0.00159364,0.059546,0.00122059,0.363156,0.0313208,0.596944,0.05632
162,1,1022,211.497,43.7683,0.0652346,0.00134112,0.0634901,0.00123249,0.0648599,0.00113635,0.0601655,0.000956623,0.358275,0.026019,0.696759,0.0464963
163,1,92,36.4853,14.4693,0.070078,0.00158659,0.0678083,0.00144357,0.0692587,0.00159855,0.0633734,0.0019714,0.370162,0.0241531,0.607594,0.0111486
164,1,227,69.5563,21.3132,0.07324,0.00216272,0.071029,0.00197862,0.0732309,0.00190701,0.0667553,0.00254655,0.365069,0.0290249,0.554649,0.0190173
165,1,371,116.627,36.6629,0.068452,0.00235551,0.0664777,0.0025785,0.0680605,0.00234492,0.062238,0.00264946,0.362909,0.0364662,0.557788,0.028867
166,1,114,76.8284,51.7773,0.0635377,0.00193045,0.0612983,0.00215818,0.0602877,0.00224121,0.0599975,0.00234505,0.285243,0.0304608,0.614746,0.10143
167,1,80,42.2426,22.3055,0.0659877,0.000919754,0.0628683,0.000736664,0.0645029,0.000875315,0.0588879,0.000606943,0.383775,0.0198005,0.633024,0.00460671
168,1,96,44.2426,20.3897,0.0550664,0.000928025,0.0526618,0.000963953,0.0514666,0.00130108,0.0516231,0.000984251,0.276144,0.0267814,0.563837,0.0146246
169,1,81,45.6569,25.7352,0.061472,0.000660708,0.0583487,0.000720533,0.0575333,0.000924582,0.0574613,0.000668594,0.291891,0.0184755,0.677678,0.00308528
170,1,396,217.314,119.256,0.0647118,0.00430095,0.062431,0.00407429,0.0619339,0.00477228,0.060455,0.00321665,0.343533,0.0498538,0.589408,0.0522126
171,1,115,59.0711,30.3425,0.0666122,0.00079691,0.0634587,0.00149596,0.0599523,0.00112795,0.0621824,0.0014186,0.300665,0.0185798,0.681962,0.0251512
172,1,110,52.2426,24.8118,0.0633987,0.000611639,0.060794,0.00073803,0.0598437,0.000917099,0.0594635,0.000713446,0.349804,0.0289907,0.593612,0.0253934
173,1,114,49.6569,21.6299,0.0648171,0.00128739,0.0621793,0.00111855,0.0603499,0.000861717,0.0604298,0.00094074,0.376367,0.0214445,0.632764,0.00619929
174,1,199,68.4853,23.569,0.0691495,0.000764002,0.0677174,0.000911468,0.0680133,0.00135457,0.0637359,0.00107415,0.3839,0.0183407,0.639481,0.0111475
175,1,364,118.87,38.8189,0.07295,0.0020565,0.07048,0.00186754,0.071743,0.00170009,0.064491,0.00153745,0.394947,0.0183739,0.566528,0.0281307
176,1,80,43.4142,23.5599,0.0713569,0.000581249,0.0691812,0.00103512,0.0705549,0.000978365,0.0634083,0.000782584,0.398578,0.0141699,0.59223,0.019615
177,1,50,30.8284,19.0078,0.0683624,0.000899912,0.066695,0.000923636,0.0678063,0.00121636,0.0619456,0.000922406,0.38949,0.014849,0.583919,0.00333484
178,1,67,42.8284,27.3772,0.0700328,0.000503907,0.0679325,0.000645361,0.069348,0.000879671,0.0626468,0.000717879,0.389933,0.01944,0.609117,0.00609437
179,1,69,30.2426,13.2553,0.077009,0.000871016,0.0753779,0.00107294,0.0755042,0.00175363,0.0689592,0.00124226,0.387553,0.0146116,0.633275,0.00428633
180,1,78,40.2426,20.7624,0.0681731,0.000964927,0.0664098,0.000656599,0.0673285,0.00130455,0.0645255,0.000620993,0.378532,0.0186675,0.601784,0.0120646
181,1,303,127.799,53.9029,0.0798641,0.00492298,0.0778012,0.00462509,0.0790025,0.00445907,0.0738398,0.00550542,0.389064,0.019923,0.617875,0.0432153
182,1,678,225.598,75.0656,0.0939312,0.0143383,0.0862275,0.0159978,0.0704905,0.0150522,0.0800387,0.0156741,0.30284,0.0450785,0.626395,0.0369469
183,1,282,107.799,41.2079,0.080978,0.0084036,0.0785085,0.00855396,0.0783255,0.00828334,0.0756553,0.00869338,0.364789,0.0273653,0.647043,0.0173951
184,1,324,88.2843,24.0559,0.0690312,0.00168632,0.0661112,0.00182788,0.06549,0.00159726,0.0641821,0.00196394,0.356887,0.0249529,0.588046,0.0203801
185,1,682,214.912,67.7229,0.0782447,0.00515139,0.0756936,0.00441593,0.076816,0.00375371,0.0710105,0.00519513,0.370272,0.0265847,0.592455,0.0167428
186,1,60,30.8284,15.8399,0.0694628,0.000802109,0.0668004,0.000653166,0.0651341,0.000882108,0.0649859,0.000733507,0.372941,0.0223185,0.594595,0.00979148
187,1,8116,1563.22,301.09,0.0688434,0.00279324,0.0665941,0.00257676,0.0666666,0.00251076,0.0642277,0.00246476,0.359613,0.0306388,0.66452,0.0790203
188,1,295,86.7696,25.5219,0.0707968,0.00136319,0.0689991,0.00127782,0.0711032,0.00155513,0.0636198,0.00132991,0.354377,0.0317232,0.634677,0.0144576
189,1,180,86.4853,41.5539,0.0627332,0.0015553,0.0613408,0.00143326,0.0606295,0.00161661,0.060036,0.00134608,0.278649,0.0226967,0.564752,0.028354
190,1,84,37.3137,16.5752,0.0711383,0.00164289,0.0695588,0.00138102,0.0723609,0.00168029,0.0644481,0.00143189,0.368394,0.0244179,0.631596,0.00505158
191,1,1.00825e+06,22562.2,504.89,0.113654,0.0358086,0.112975,0.0364074,0.113965,0.036625,0.107139,0.0361295,0.278453,0.0292586,0.626604,0.0595767
192,1,194,83.5563,35.988,0.100736,0.0213867,0.0984782,0.0182916,0.0927828,0.013616,0.089784,0.0157567,0.395755,0.0191262,0.609466,0.0417957
193,1,94,46.2426,22.7487,0.0672258,0.000730024,0.0645874,0.000666523,0.0651159,0.000870754,0.0602635,0.00233245,0.362495,0.0383661,0.660293,0.0606861
194,1,272,144.728,77.008,0.0681013,0.00393024,0.0667003,0.00356349,0.0666728,0.00406998,0.062852,0.00337033,0.348688,0.0585021,0.616256,0.0298552
195,1,65,28.2426,12.2715,0.0924827,0.00330205,0.0849184,0.00211562,0.0808506,0.00168728,0.0764712,0.00188629,0.392519,0.0146364,0.573181,0.0125749
196,1,55,27.4142,13.6643,0.13351,0.00257491,0.128693,0.00713104,0.114917,0.00660718,0.11821,0.00705657,0.406702,0.0161374,0.609214,0.00653996
197,1,435,94.0416,20.3306,0.0827261,0.00488382,0.0825214,0.00401745,0.080727,0.00365425,0.0804701,0.00394081,0.281217,0.025307,0.527477,0.00730938
198,1,80,32.4853,13.1912,0.0667681,0.00081559,0.0658363,0.000767315,0.0671907,0.000963164,0.0628083,0.000804892,0.382255,0.0193311,0.613176,0.0111793
199,1,271,108.971,43.8177,0.158566,0.0588774,0.159835,0.0605775,0.152715,0.0574727,0.149832,0.0562021,0.379148,0.0569231,0.659843,0.0690682
200,1,96,47.6569,23.6581,0.184884,0.00441047,0.192971,0.00402824,0.198962,0.00401442,0.187674,0.00366871,0.410172,0.0210162,0.649845,0.00402046
201,1,125,68.8284,37.8988,0.154698,0.0589182,0.155253,0.0606708,0.153382,0.0597844,0.148292,0.0571339,0.373051,0.0698347,0.675568,0.0932921
202,1,182,99.0711,53.929,0.147728,0.0230433,0.149979,0.0250193,0.14957,0.0267355,0.144473,0.0263596,0.30933,0.0758915,0.647238,0.0319602
203,1,330,107.213,34.8323,0.122782,0.0354442,0.122078,0.0331366,0.120939,0.0312445,0.114233,0.0320203,0.284932,0.042835,0.650266,0.0356838
204,1,413,152.184,56.0772,0.0711126,0.00912158,0.066822,0.0105296,0.0622762,0.0113133,0.0631113,0.00944757,0.361971,0.0350369,0.706302,0.016473
205,1,188,82.2843,36.0144,0.0565396,0.000998991,0.052975,0.000870033,0.051587,0.00101048,0.0503326,0.00372509,0.362495,0.0265115,0.641784,0.00420899
206,1,113,52.4853,24.3779,0.0585152,0.000728695,0.0560798,0.00103064,0.0546537,0.00118132,0.0530184,0.000796403,0.372237,0.0215435,0.669577,0.00347734
207,1,750310,12061.6,193.896,0.0731913,0.0174309,0.0709868,0.0179562,0.0700055,0.0178817,0.0672596,0.0169165,0.29025,0.0276985,0.625089,0.0611614
208,1,838,266.912,85.0141,0.130662,0.0212967,0.126796,0.020549,0.125315,0.0197732,0.122525,0.0203333,0.272399,0.0265173,0.596683,0.0480656
209,1,161,52.7279,17.2685,0.161761,0.0169365,0.164344,0.014821,0.164896,0.0139351,0.155672,0.0170937,0.256656,0.0237231,0.62351,0.00593983
210,1,98,50.8284,26.3625,0.12213,0.0282719,0.11936,0.0281572,0.116627,0.0302368,0.115898,0.0286346,0.314086,0.0560982,0.59687,0.00654267
211,1,3771,645.002,110.323,0.0676528,0.00550371,0.0651221,0.0054918,0.0644216,0.00518204,0.0608694,0.00539253,0.349258,0.0323528,0.661523,0.0575491
212,1,2133,294.853,40.7586,0.0654445,0.00746964,0.0618746,0.00788451,0.0601543,0.0082391,0.0596015,0.00707503,0.347812,0.0301104,0.637951,0.0341522
213,1,135,82.2426,50.1026,0.102072,0.0402901,0.0990975,0.0390261,0.095289,0.0387336,0.095102,0.0358488,0.35663,0.0453396,0.587387,0.0537793
214,1,21485,1823.48,154.764,0.124224,0.0374465,0.123801,0.0391789,0.122154,0.0405972,0.11704,0.0374366,0.342392,0.0380024,0.638021,0.0440133
215,1,104,39.6569,15.1218,0.0679352,0.00216579,0.0619365,0.00203974,0.0568287,0.00154159,0.0595274,0.00154888,0.364819,0.0258557,0.528911,0.0079206
216,1,259,69.5563,18.6799,0.188821,0.00860496,0.188882,0.0077107,0.186812,0.00733864,0.181352,0.00823854,0.279264,0.0175129,0.679458,0.00876482
217,1,66,32.2426,15.7513,0.071812,0.00112024,0.0668203,0.000969533,0.0634578,0.000898355,0.0637754,0.00081668,0.383007,0.0158978,0.65387,0.0160755
218,1,189,67.5563,24.1474,0.0825751,0.046417,0.0786518,0.0492694,0.0746648,0.0510814,0.0752259,0.0470273,0.350223,0.0460063,0.522022,0.0583236
219,1,271,92.9706,31.8949,0.166742,0.0337996,0.168582,0.0351464,0.167557,0.0357846,0.161938,0.0340034,0.31141,0.0557072,0.577915,0.0298398
220,1,54,24.8284,11.4158,0.175679,0.00759731,0.174761,0.00809325,0.174375,0.00814461,0.170144,0.00747184,0.30472,0.0128661,0.557307,0.00337604
221,1,543,203.213,76.0508,0.162103,0.0377414,0.161749,0.0385683,0.159367,0.0372247,0.151795,0.0352061,0.393652,0.0340912,0.597096,0.0207612
222,1,394,86.6274,19.0465,0.177074,0.0179098,0.16803,0.013463,0.163345,0.00975742,0.156531,0.0100783,0.38085,0.0333276,0.604507,0.0121025
223,1,106,39.0711,14.4014,0.172334,0.011049,0.171124,0.0107128,0.171774,0.0112302,0.159647,0.0117362,0.266815,0.0200391,0.631438,0.00725663
224,1,327,88.3848,23.8895,0.128539,0.00915488,0.123502,0.00957545,0.111034,0.012952,0.119392,0.00991343,0.364766,0.0302638,0.59383,0.0580455
225,1,486,126.527,32.9405,0.179579,0.0159171,0.184817,0.013153,0.183634,0.0155486,0.17761,0.0129888,0.373009,0.0376204,0.661815,0.0291953
226,1,244,61.8995,15.7031,0.18602,0.00645222,0.190229,0.00566549,0.191502,0.00510376,0.182872,0.00602522,0.276471,0.0198268,0.680134,0.0127054
227,1,167,52.1421,16.2803,0.182429,0.00472435,0.186016,0.00463171,0.187019,0.00367803,0.178137,0.00482763,0.268757,0.0258984,0.610293,0.0106967
228,1,3927,748.357,142.612,0.0693062,0.00638546,0.0678042,0.0065951,0.0680367,0.00661826,0.0633283,0.00684899,0.354658,0.0336302,0.62747,0.0528708
229,1,218,56.1421,14.4584,0.185643,0.00412246,0.186576,0.00466915,0.183287,0.00473575,0.176946,0.00516025,0.270732,0.0229522,0.610898,0.0125563
230,1,107,53.6569,26.9071,0.153636,0.0503654,0.158231,0.054047,0.160234,0.0563173,0.152181,0.0513125,0.263185,0.0223022,0.57685,0.010833
231,1,64,28.8284,12.9856,0.210724,0.00367578,0.21342,0.00164171,0.216109,0.00162695,0.205569,0.00156366,0.400306,0.0203571,0.76288,0.00516775
232,1,177,56.4853,18.0259,0.190026,0.0107965,0.196924,0.0112541,0.199968,0.0107655,0.190419,0.0100235,0.41562,0.0190092,0.758818,0.0129832
233,1,108,49.0711,22.296,0.196722,0.0044223,0.196312,0.0069109,0.189019,0.00706378,0.185383,0.00685895,0.405701,0.0220704,0.755693,0.00924806
234,1,2030,349.581,60.2003,0.113326,0.00935471,0.114443,0.010446,0.114763,0.0122727,0.107331,0.0103895,0.356306,0.0376282,0.605888,0.0286602
235,1,70,31.6569,14.3165,0.16521,0.0035793,0.159534,0.00309491,0.153752,0.00434661,0.150805,0.0032876,0.402857,0.0218235,0.696332,0.00853798
236,1,246,85.799,29.9247,0.172865,0.0390711,0.170272,0.0384982,0.165295,0.0370503,0.160786,0.0354046,0.289574,0.0277351,0.558037,0.0636754
237,1,67,42.2426,26.6334,0.169141,0.00738898,0.169188,0.0059051,0.169393,0.00474145,0.16676,0.00586431,0.254785,0.0209159,0.537717,0.00333252
238,1,94,37.6569,15.0855,0.183384,0.0104361,0.186875,0.006211,0.185142,0.00612822,0.177308,0.00509087,0.279641,0.015026,0.628235,0.00406108
239,1,110,51.6569,24.2585,0.185916,0.00520441,0.186267,0.00377403,0.190427,0.00293846,0.18002,0.00275971,0.292157,0.0238584,0.571253,0.00900249
240,1,98,47.6569,23.1753,0.160653,0.00643707,0.160501,0.00716734,0.159448,0.00627752,0.155355,0.00903666,0.340976,0.0592286,0.6492,0.0897511
241,1,452,145.799,47.0295,0.166017,0.0109168,0.170761,0.0108612,0.17596,0.0119202,0.168085,0.0103056,0.274154,0.0242804,0.597196,0.0152119
242,1,52,24.8284,11.8548,0.174818,0.00977426,0.176067,0.00819167,0.175037,0.00703496,0.173847,0.00746304,0.276772,0.0204978,0.581731,0.0210045
243,1,7593,1075.29,152.277,0.138166,0.0206078,0.13926,0.0219146,0.139106,0.0222147,0.135634,0.0210585,0.271006,0.0252393,0.639701,0.0533501
244,1,73,29.6569,12.0483,0.195272,0.00614152,0.19177,0.00629881,0.187122,0.00365764,0.181902,0.0046408,0.266452,0.016265,0.676509,0.00547269
245,1,571,149.941,39.3736,0.106179,0.0283999,0.100623,0.0316792,0.0952945,0.0328772,0.0922958,0.031514,0.361231,0.0399774,0.563521,0.0340104
246,1,119,47.0711,18.6192,0.170163,0.00939789,0.178695,0.00808544,0.182102,0.00799641,0.173717,0.00689911,0.29013,0.0330182,0.638144,0.00904808
247,1,130,56.4853,24.543,0.169905,0.00742311,0.170732,0.0061476,0.170682,0.00551676,0.166029,0.00734128,0.363077,0.0661032,0.622193,0.0107009
248,1,111,54.4853,26.7446,0.136764,0.0155245,0.134798,0.0197465,0.128762,0.0236798,0.129124,0.0239904,0.310228,0.0696961,0.553567,0.011208
249,1,158,91.4142,52.8896,0.149726,0.0378214,0.1497,0.0379876,0.148399,0.0389293,0.144958,0.0382353,0.31936,0.0587878,0.603105,0.0196945
250,1,51,24.2426,11.5236,0.160585,0.00367395,0.166887,0.00234466,0.172137,0.00504687,0.162983,0.00270686,0.259746,0.0331266,0.599894,0.00849562
251,1,356,196.142,108.067,0.103948,0.0483568,0.103124,0.0504293,0.102861,0.0527368,0.101045,0.050051,0.273144,0.023543,0.576469,0.043067
252,1,95,38.2426,15.3947,0.122816,0.0124811,0.119813,0.0130139,0.117691,0.0128474,0.118035,0.0126462,0.283798,0.0269183,0.554623,0.00669698
253,1,1990,260.912,34.2085,0.0785812,0.0107252,0.0746662,0.0103306,0.0686654,0.00832556,0.0713222,0.0088926,0.320786,0.0326735,0.631017,0.027894
254,1,91,48.4853,25.8332,0.0809141,0.0033371,0.0749642,0.00377357,0.0714806,0.00298279,0.0713162,0.00303114,0.373885,0.0228903,0.639739,0.00314843
255,1,588,135.113,31.0467,0.0741451,0.00358095,0.0701787,0.00365536,0.0653056,0.00400159,0.0674018,0.00321261,0.322162,0.0323541,0.599513,0.0219766
256,1,112,45.6569,18.612,0.145491,0.00580474,0.141429,0.00736165,0.132851,0.00642593,0.138363,0.00754066,0.282108,0.0304363,0.621863,0.0012539
257,1,214,79.0711,29.216,0.0763279,0.0203702,0.0734197,0.0216783,0.0691051,0.0241577,0.0711035,0.022014,0.261352,0.0302376,0.569904,0.0461984
258,1,443,133.799,40.4112,0.163234,0.0362745,0.162139,0.0367996,0.159587,0.0376026,0.15795,0.0355725,0.276147,0.0385756,0.694527,0.0366859
259,1,667,143.456,30.8539,0.116598,0.0197679,0.109672,0.0263288,0.0943343,0.0277416,0.101992,0.0250625,0.340553,0.0387506,0.662922,0.037364
260,1,139,66.4853,31.8007,0.15674,0.0131103,0.154418,0.0135374,0.150159,0.0139739,0.151532,0.013397,0.280773,0.02365,0.547929,0.043585
261,1,93,59.6569,38.2682,0.0683516,0.000840939,0.0660864,0.000973735,0.0615958,0.00106265,0.0644378,0.000842177,0.341809,0.0295725,0.619442,0.0132257
262,1,493,193.213,75.7228,0.123166,0.0125947,0.122224,0.0136266,0.119873,0.0154324,0.119647,0.0134829,0.281208,0.0244104,0.608821,0.0221551
263,1,71,31.0711,13.5973,0.169352,0.00534314,0.168644,0.00863769,0.153715,0.00687401,0.157258,0.00846393,0.39989,0.0178314,0.693472,0.00827448
264,1,397,187.213,88.2841,0.118563,0.0237798,0.114724,0.0231078,0.105101,0.0237576,0.111872,0.0233572,0.283538,0.0319232,0.550871,0.0508723
265,1,65,39.6569,24.1949,0.115955,0.00583662,0.113901,0.00308089,0.106343,0.00539272,0.111381,0.00323754,0.27638,0.0216013,0.692204,0.00556303
266,1,82,42.8284,22.3692,0.0869919,0.00860201,0.0812336,0.0114184,0.0734112,0.0151202,0.0795839,0.0115202,0.273553,0.0344365,0.651945,0.00896907
267,1,188,69.8995,25.989,0.116847,0.00461022,0.113031,0.00500494,0.103564,0.0046406,0.10999,0.00479089,0.27403,0.0260947,0.595385,0.0388753
268,1,121,53.8995,24.0095,0.0669086,0.000786761,0.0639796,0.0010277,0.0617122,0.000978857,0.0626403,0.000881301,0.283455,0.0175611,0.729506,0.0121284
269,1,275,89.8995,29.3888,0.112204,0.00714505,0.106334,0.00889289,0.0962035,0.00769167,0.102928,0.00859106,0.287045,0.030858,0.609263,0.00568922
270,1,1461,397.054,107.907,0.0863284,0.00775311,0.0846255,0.00859762,0.0845492,0.0090954,0.0827194,0.00860742,0.271133,0.0288155,0.616058,0.0391111
271,1,64,32.2426,16.2436,0.0989611,0.00211791,0.0999596,0.00210119,0.103385,0.00242053,0.0984153,0.00200972,0.259252,0.0147241,0.648965,0.00142819
272,1,71,30.8284,13.3858,0.0861217,0.00324833,0.0838197,0.00269963,0.0836115,0.00266714,0.0822223,0.00257998,0.252858,0.0275011,0.681671,0.00311585
273,1,87,44.2426,22.499,0.0995996,0.0020978,0.100651,0.00132128,0.103452,0.00321636,0.0990912,0.00122018,0.265675,0.0199184,0.662473,0.0082536
274,1,2514,353.539,49.7175,0.0717516,0.00999345,0.0698492,0.00989374,0.0680347,0.00971152,0.067101,0.00947076,0.275209,0.024579,0.589596,0.0366869
275,1,119,52.4853,23.1488,0.0655392,0.00414006,0.0627282,0.00367235,0.0601138,0.00339976,0.0613917,0.00350093,0.297018,0.0197193,0.747786,0.0063836
276,1,227,94.4853,39.3281,0.126865,0.0080693,0.126154,0.00701225,0.125261,0.00716321,0.123658,0.00701336,0.271849,0.0262867,0.60915,0.0207634
277,1,79,33.0711,13.8442,0.0800175,0.00503285,0.0758986,0.00513531,0.0708631,0.00416512,0.0739838,0.00527155,0.285083,0.0192962,0.717585,0.00674646
278,1,574,154.042,41.3394,0.13295,0.005826,0.132126,0.0063723,0.132027,0.00724975,0.12976,0.00618387,0.269208,0.023187,0.629803,0.00560856
279,1,96,43.8995,20.0746,0.0824529,0.00826838,0.0805949,0.0074518,0.0784005,0.00694966,0.0779751,0.00812399,0.281822,0.0153937,0.624155,0.00327111
280,1,1643,283.64,48.9662,0.0898901,0.0155268,0.0897661,0.0151712,0.0894986,0.015207,0.0859391,0.0156498,0.274281,0.0289702,0.56531,0.0463785
281,1,257,88.7279,30.6329,0.0885403,0.0173017,0.0856252,0.0154524,0.0822308,0.0140854,0.0829149,0.0157186,0.277745,0.028537,0.658928,0.0161933
282,1,177,68.4853,26.4985,0.0755871,0.00883768,0.073365,0.00770811,0.0702184,0.00655243,0.0715283,0.00783613,0.279894,0.0325782,0.623072,0.055671
283,1,1157,243.113,51.0837,0.0659676,0.00791175,0.0647458,0.00804848,0.0641037,0.00798091,0.0624577,0.00768586,0.249509,0.0226378,0.517479,0.0352614
284,1,16329,1568.04,150.575,0.0946315,0.0240325,0.0942168,0.0231317,0.0940445,0.0223441,0.0885811,0.0228441,0.270675,0.027137,0.641557,0.0734423
285,1,142,52.4853,19.3993,0.0985257,0.00541723,0.0930313,0.00626017,0.0866393,0.00762329,0.0911314,0.0062663,0.277575,0.0203245,0.680339,0.0136598
286,1,126,42.4853,14.3254,0.104312,0.0251237,0.100602,0.0235368,0.097102,0.02112,0.0967791,0.0244481,0.291099,0.0222066,0.654762,0.00469581
287,1,55,28,14.2545,0.103108,0.00277526,0.100894,0.00195285,0.09682,0.00257509,0.0989144,0.00203105,0.253191,0.0130335,0.678256,0.00523231
288,1,386,117.456,35.7406,0.115856,0.00389077,0.113051,0.00469166,0.110459,0.0051118,0.11015,0.00447701,0.27517,0.027121,0.649191,0.0174431
289,1,369,123.556,41.3717,0.101189,0.00950316,0.0979199,0.0118278,0.0936926,0.014629,0.0959459,0.0118053,0.276253,0.0296368,0.698784,0.0382574
290,1,392,150.627,57.8791,0.105652,0.0144363,0.10316,0.0139308,0.10051,0.0138858,0.100604,0.0135229,0.260624,0.0261941,0.585976,0.0560555
291,1,188,66.1421,23.2701,0.0664748,0.00115745,0.0663091,0.0011471,0.0652286,0.00120674,0.0646721,0.000989768,0.240801,0.0168024,0.433295,0.00282811
292,1,30514,2590.76,219.965,0.07693,0.0176527,0.0771786,0.0175182,0.076611,0.0173426,0.0731213,0.0172524,0.252804,0.0287192,0.538559,0.0716199
293,1,206,93.3137,42.2692,0.070197,0.00770985,0.0690768,0.00864712,0.0675946,0.00935004,0.0667791,0.00805256,0.251171,0.0262008,0.491177,0.108134
294,1,99,47.6569,22.9412,0.104178,0.0357166,0.10477,0.0363725,0.102102,0.0353832,0.100667,0.0343464,0.270984,0.0198049,0.673901,0.00696418
295,1,414,171.213,70.8067,0.0988821,0.0152363,0.096123,0.0149513,0.0933001,0.0150677,0.0943123,0.0147086,0.272625,0.0316551,0.641223,0.0605718
296,1,136,67.0711,33.0774,0.108292,0.0373351,0.110509,0.0401994,0.105053,0.0395842,0.105091,0.0375537,0.275231,0.0457285,0.621771,0.0703829
297,1,277,159.071,91.3488,0.0749454,0.0139381,0.0734313,0.0138006,0.0721691,0.0146559,0.0721968,0.0136687,0.266936,0.0273646,0.613182,0.0451158
298,1,124,65.4142,34.5082,0.10226,0.0264168,0.100592,0.0272053,0.0983386,0.0275905,0.0981331,0.0260252,0.275459,0.0186507,0.59078,0.0328807
299,1,378,116.385,35.8344,0.0971567,0.0194294,0.0972698,0.0193772,0.095413,0.0195131,0.0924847,0.0201597,0.252215,0.0237767,0.582475,0.0490497
300,1,126,66.2426,34.8261,0.0834877,0.00684216,0.0809683,0.00591567,0.0773836,0.00464528,0.0795687,0.00569976,0.252256,0.0220171,0.690208,0.042878
301,1,464,177.698,68.0533,0.086196,0.00670706,0.0813094,0.00672206,0.0747139,0.00674233,0.0789062,0.00634563,0.279471,0.0306286,0.643945,0.0510492
302,1,93,49.6569,26.514,0.0812373,0.00245094,0.0756367,0.00308299,0.069174,0.00424573,0.0738755,0.00329418,0.261817,0.0284153,0.650828,0.0116468
303,1,159,62.2426,24.3657,0.0812189,0.00870304,0.0792111,0.00778911,0.076033,0.00831396,0.0771991,0.00751464,0.250487,0.0201155,0.59145,0.0514288
304,1,156,87.6569,49.2546,0.0669759,0.00275374,0.0655794,0.00138572,0.0629063,0.00159462,0.0643534,0.00132476,0.262795,0.0323441,0.632536,0.030405
305,1,295762,14270.8,688.576,0.0976412,0.0221044,0.096879,0.0221685,0.0970594,0.0223925,0.0914671,0.0217615,0.252663,0.0336136,0.565864,0.0808975
306,1,26514,2550.74,245.39,0.0859632,0.0177182,0.0864777,0.0174625,0.0865294,0.0173743,0.0817626,0.0171736,0.238165,0.0298818,0.597196,0.051386
307,1,2033,308.468,46.804,0.0785662,0.0139534,0.0788361,0.0145749,0.0777252,0.0150099,0.0751963,0.0136925,0.241748,0.0237768,0.612867,0.0261921
308,1,430,166.385,64.3811,0.087325,0.0107844,0.0863722,0.0108382,0.0842852,0.0108139,0.0836016,0.0107834,0.260492,0.0240742,0.578944,0.0262963
309,1,325,148.971,68.2838,0.0731944,0.0161869,0.0723671,0.0154693,0.0691522,0.0153363,0.0693339,0.015414,0.335554,0.066645,0.639439,0.0506256
310,1,50,24.8284,12.329,0.0720944,0.00113901,0.0683706,0.00172025,0.0640975,0.00131462,0.0664094,0.00135366,0.299059,0.0238128,0.663514,0.00810811
311,1,59,28.2426,13.5194,0.0684856,0.00115841,0.0657686,0.00225069,0.059284,0.00175476,0.0636057,0.0022575,0.262745,0.0376974,0.609139,0.0140642
312,1,162,68.2426,28.7473,0.0747101,0.00546352,0.073705,0.00503991,0.0717183,0.00480121,0.0724028,0.00498128,0.271435,0.0255663,0.573031,0.030519
313,1,354,119.556,40.3777,0.0698856,0.00148203,0.0692647,0.00197319,0.0672999,0.00266223,0.0678419,0.00200558,0.237532,0.0222138,0.494923,0.0832596
314,1,329,130.042,51.4007,0.0755723,0.00132656,0.0735011,0.00175503,0.0688317,0.00154415,0.0718282,0.00165182,0.27302,0.0200446,0.556067,0.0210224
315,1,267740,7755.15,224.63,0.0978435,0.019354,0.0963778,0.0197791,0.0963443,0.0204169,0.0919248,0.0191877,0.280344,0.0291131,0.580594,0.0716682
316,1,282,121.899,52.6932,0.0748205,0.00645114,0.0719176,0.00647453,0.0676989,0.00576757,0.069762,0.00581208,0.28302,0.0267424,0.597853,0.0558749
317,1,254,75.5563,22.4754,0.120884,0.0262165,0.119301,0.022525,0.116822,0.0201045,0.113378,0.0242641,0.23514,0.0250011,0.600314,0.00950847
318,1,251,139.071,77.0548,0.0696999,0.00606654,0.0679503,0.00618125,0.0655948,0.00555694,0.0666354,0.00603193,0.273463,0.0265248,0.605255,0.0318901
319,1,149,65.3137,28.6301,0.0623827,0.00132048,0.0618964,0.00115558,0.0595485,0.00121325,0.0604668,0.00105407,0.218845,0.0212361,0.546662,0.0147149
320,1,159,54.2426,18.5048,0.0676578,0.00153354,0.066868,0.00147755,0.0645298,0.00161136,0.0651884,0.00139136,0.209644,0.0239521,0.450195,0.0196963
321,1,63,40.8284,26.4597,0.0649982,0.00185364,0.0639366,0.00163084,0.0620867,0.00149359,0.0628678,0.00147213,0.21718,0.0152352,0.46879,0.0232953
322,1,58973,2889.34,141.561,0.0787698,0.00830801,0.0785786,0.00849064,0.0780712,0.00869321,0.0734778,0.00832702,0.219334,0.0283609,0.513496,0.0640906
323,1,4715,546.894,63.4345,0.0864356,0.0164456,0.0861568,0.0151801,0.0849955,0.0143288,0.0828246,0.01498,0.230812,0.028387,0.543895,0.0467363
324,1,93,50.2426,27.1433,0.0754054,0.0038496,0.0749616,0.00314903,0.0724258,0.0026776,0.0733147,0.00301385,0.23618,0.0169541,0.521215,0.0152087
325,1,99,42.4853,18.2323,0.0761246,0.00427184,0.0747721,0.00390584,0.0734439,0.00368358,0.0730736,0.00376578,0.269994,0.0205959,0.564155,0.0221379
326,1,388,93.799,22.6759,0.082243,0.00650217,0.0816172,0.0062263,0.0793753,0.00558475,0.0798446,0.00612808,0.223166,0.0290454,0.478842,0.0283244
327,1,96,40.4853,17.0735,0.132191,0.0208098,0.131928,0.0187905,0.130087,0.0163714,0.125619,0.0197962,0.227288,0.0177278,0.674901,0.00376071
328,1,242,105.899,46.3417,0.0763401,0.0194844,0.0744426,0.0202467,0.0732514,0.0203108,0.0726824,0.0190338,0.273051,0.0306767,0.671823,0.0168852
329,1,483,180.385,67.3678,0.108086,0.0354634,0.1075,0.0340694,0.106122,0.0334195,0.101629,0.0337155,0.240507,0.040546,0.627875,0.0248427
330,1,120,64.2426,34.3926,0.0634483,0.000971478,0.0613813,0.000962141,0.0584493,0.000999853,0.0602684,0.000897654,0.275752,0.028455,0.61143,0.0641654
331,1,192,62.4853,20.3355,0.12975,0.0226958,0.129472,0.0210087,0.127599,0.0194796,0.123876,0.0223846,0.221099,0.0163004,0.513056,0.0196273
332,1,699,200.77,57.6658,0.0899642,0.0144956,0.0892817,0.0143037,0.0868462,0.0156924,0.0870661,0.013567,0.227159,0.025934,0.435545,0.00977066
333,1,310,171.071,94.4042,0.0724091,0.0253803,0.070564,0.0251284,0.0682342,0.0247274,0.0693059,0.0244038,0.281467,0.0312142,0.555929,0.0532997
334,1,113,51.6569,23.6144,0.0615731,0.000834813,0.0596506,0.000850148,0.0584594,0.000880592,0.0586112,0.000837035,0.257609,0.0318123,0.608287,0.00721705
335,1,158,71.8995,32.7186,0.0775981,0.00485808,0.0768254,0.00446924,0.0745078,0.00437064,0.0745549,0.00512225,0.236237,0.026774,0.567054,0.0984079
336,1,96,45.6569,21.714,0.108647,0.0296387,0.107946,0.030293,0.10567,0.0300233,0.104868,0.0296743,0.23991,0.0328492,0.572283,0.0498918
337,1,186,112.485,68.0266,0.0656585,0.00788031,0.0639369,0.00813313,0.0619409,0.00761506,0.0628794,0.0078493,0.284208,0.0319398,0.585622,0.0477543
338,1,135,70.2426,36.5484,0.0708453,0.00751322,0.0701209,0.00820848,0.0691647,0.00901478,0.068689,0.0079138,0.257429,0.0316454,0.573173,0.0629318
339,1,101,57.4142,32.6375,0.0782148,0.0253789,0.0759674,0.0245538,0.0742676,0.024494,0.0740855,0.0235444,0.264531,0.0466315,0.57593,0.0580705
340,1,62,28.8284,13.4045,0.0627631,0.000633069,0.0613167,0.000543344,0.0591273,0.000787001,0.0602835,0.000597694,0.29766,0.0363037,0.569202,0.0187487
341,1,96,42.2426,18.5879,0.0733801,0.00116578,0.0725734,0.00112568,0.0715628,0.00144761,0.071358,0.00116319,0.269036,0.0186831,0.610712,0.00863359
342,1,144,59.3137,24.4314,0.0846371,0.00879965,0.085443,0.0107242,0.0846799,0.011748,0.0833536,0.0101302,0.265496,0.0250212,0.533174,0.0656345
343,1,700,192.527,52.9523,0.0823513,0.00855733,0.0821512,0.00810701,0.0805619,0.00793057,0.0805278,0.00798725,0.27609,0.0266223,0.515685,0.0319244
344,1,5882,667.421,75.7313,0.0773807,0.00745255,0.0737631,0.00670884,0.0707248,0.00581049,0.0712972,0.00572988,0.279703,0.027147,0.487075,0.0270465
345,1,138,61.0711,27.0266,0.138512,0.0311299,0.134747,0.0316674,0.131902,0.0338996,0.129899,0.0311567,0.23967,0.0231814,0.470917,0.09714
346,1,171,56.4853,18.6584,0.086986,0.00251431,0.082157,0.00421443,0.0758425,0.00513052,0.0799048,0.00438124,0.285541,0.0187617,0.664059,0.013499
347,1,337,105.556,33.0627,0.0795681,0.00341793,0.0794564,0.0032406,0.0776961,0.00302047,0.0779222,0.00318092,0.281992,0.0282079,0.506977,0.0121329
348,1,117,39.6569,13.4416,0.0636334,0.000934536,0.0630862,0.000930045,0.0582852,0.000972522,0.0589913,0.0010287,0.351634,0.0229525,0.485967,0.0106433
349,1,129,69.0711,36.983,0.0867359,0.00255638,0.0831398,0.00259314,0.0777884,0.00320286,0.0814777,0.00253314,0.256969,0.0310328,0.635397,0.100171
350,1,86,38.8284,17.5308,0.0888991,0.00126763,0.0893061,0.00117797,0.0881792,0.0016487,0.0877608,0.00107427,0.248244,0.0244249,0.591373,0.0131845
351,1,83,34.4853,14.3281,0.0916369,0.00161102,0.0899747,0.00227229,0.0865295,0.00208331,0.0877694,0.0022424,0.26695,0.0209269,0.567568,0.00791866
352,1,62,29.6569,14.186,0.0829031,0.00171504,0.0803647,0.00190885,0.0768015,0.00176351,0.0788069,0.00185118,0.255787,0.021805,0.600697,0.00496068
353,1,358,104.971,30.7788,0.0860872,0.00360567,0.0827014,0.0039039,0.0802976,0.00398974,0.0806205,0.00367066,0.276766,0.0305649,0.626321,0.0209686
354,1,302,75.8995,19.0753,0.0937358,0.00240696,0.0900373,0.00329329,0.086103,0.00422283,0.0878857,0.00342184,0.286859,0.0309791,0.698497,0.00788204
355,1,84,42.8284,21.8366,0.0814699,0.00664951,0.0778615,0.0046965,0.070992,0.00356085,0.0758428,0.00446777,0.251494,0.0264093,0.598938,0.0804461
356,1,65,30.8284,14.6214,0.0754233,0.0033366,0.0757096,0.0028751,0.0748901,0.00286846,0.0741935,0.00292906,0.215023,0.0259997,0.484096,0.00434357
357,1,178,64.4853,23.3615,0.0737464,0.00387213,0.0732141,0.00383937,0.0716529,0.00386632,0.0714971,0.00381927,0.240031,0.0197905,0.480869,0.0880142
358,1,144,80.2426,44.7145,0.0783399,0.00464748,0.0762149,0.00500958,0.0740062,0.00488038,0.0746536,0.00476869,0.275708,0.0296226,0.649306,0.0320236
359,1,174,65.6569,24.7748,0.0824074,0.00672026,0.0782559,0.00651518,0.0724887,0.00617297,0.0761901,0.00614649,0.279603,0.0210102,0.610982,0.0282076
360,1,214,92.1421,39.6737,0.139083,0.0264338,0.138306,0.0271726,0.138016,0.0285971,0.129463,0.0251817,0.255067,0.0333776,0.460091,0.067845
361,1,206,107.414,56.0088,0.111795,0.046988,0.110604,0.0468999,0.109031,0.0474618,0.107905,0.0454215,0.263145,0.0304069,0.584558,0.0306159
362,1,130,53.6569,22.1466,0.0762193,0.00196204,0.0740902,0.00258505,0.0703021,0.00239603,0.0724214,0.00248566,0.262685,0.0176587,0.694491,0.00970084
363,1,119,57.0711,27.3706,0.0788497,0.0064388,0.0767382,0.00678697,0.073861,0.0053389,0.0752119,0.00643622,0.256154,0.0231302,0.629287,0.0103985
364,1,75,36,17.28,0.0801193,0.000985436,0.0762565,0.0017176,0.0689716,0.00192763,0.074284,0.00169295,0.264523,0.0257138,0.704685,0.0234002
365,1,899,222.284,54.9614,0.0738105,0.0149137,0.0715277,0.014723,0.0684346,0.0150754,0.0692075,0.0131065,0.248298,0.0366721,0.453319,0.0500727
366,1,208,71.8995,24.8535,0.155394,0.0376032,0.154363,0.0372543,0.153449,0.0376348,0.148356,0.0366769,0.28667,0.0293222,0.595537,0.0201451
367,1,2807,438.652,68.5484,0.115063,0.0186929,0.114046,0.0186174,0.112076,0.0185093,0.110098,0.0191112,0.227511,0.028797,0.480938,0.0537106
368,1,1113,295.841,78.6358,0.0852535,0.0113007,0.0832884,0.0109396,0.0810892,0.0113355,0.0811107,0.0101441,0.270683,0.0294606,0.641315,0.0258835
369,1,1835,323.64,57.0804,0.159549,0.0230004,0.158903,0.0226892,0.159248,0.0224465,0.15474,0.0233939,0.254395,0.02321,0.712019,0.0587246
370,1,201,63.2132,19.8801,0.151509,0.0194178,0.151267,0.0171332,0.150928,0.0160706,0.140846,0.0194806,0.283797,0.0230411,0.660347,0.00594286
371,1,255,122.971,59.301,0.108548,0.0313235,0.104599,0.0323777,0.0999654,0.0344262,0.100554,0.0287887,0.275602,0.0228734,0.550132,0.0422661
372,1,358,102.627,29.4201,0.143215,0.0208662,0.142087,0.0189279,0.141427,0.0176983,0.135472,0.0210734,0.264005,0.0305541,0.616582,0.0563162
373,1,84,42.8284,21.8366,0.119332,0.0147344,0.116723,0.0133267,0.113515,0.0127201,0.113121,0.0146814,0.252148,0.0162456,0.68018,0.00637033
374,1,192,68.4853,24.4283,0.0781165,0.00118802,0.0774963,0.00120522,0.0758041,0.00193453,0.0756154,0.00159076,0.227165,0.0308174,0.477266,0.0257312
375,1,152,60.1421,23.7966,0.12424,0.0262328,0.124296,0.0280308,0.123484,0.0314295,0.115802,0.0263357,0.261197,0.0183451,0.465994,0.0295479
376,1,141,78.8284,44.0704,0.0866493,0.0176224,0.0841673,0.0175465,0.0809574,0.018901,0.0822423,0.0172958,0.267223,0.024495,0.586065,0.072244
377,1,200,68.7279,23.6176,0.0716753,0.00224468,0.0704057,0.00266097,0.0681198,0.00230612,0.0687793,0.00272267,0.213412,0.0291501,0.441284,0.0178305
378,1,39798,2596.61,169.416,0.0971365,0.0216729,0.0949385,0.0218022,0.093555,0.0220318,0.0904025,0.0208314,0.253024,0.0267961,0.510086,0.0650208
379,1,56,26.8284,12.8529,0.146354,0.0160543,0.145962,0.0149877,0.147755,0.0143325,0.143307,0.0154318,0.25098,0.0118113,0.584942,0.0111214
380,1,126,57.6569,26.3834,0.115698,0.0194168,0.113052,0.0183773,0.109194,0.0175317,0.107598,0.0198662,0.227171,0.0352012,0.603657,0.0848507
381,1,56,26.2426,12.2978,0.163831,0.00632462,0.162894,0.0059928,0.159745,0.00662733,0.154626,0.00676061,0.252661,0.0110138,0.455236,0.0110997
382,1,120,61.0711,31.0806,0.150798,0.0250272,0.147521,0.0239353,0.145344,0.0244914,0.141394,0.022308,0.246797,0.0312158,0.482038,0.0645468
383,1,211,92.9706,40.9646,0.104093,0.0255882,0.102111,0.027736,0.0977786,0.0309404,0.098758,0.0266939,0.268321,0.0210673,0.475727,0.033636
384,1,4513,388.853,33.5047,0.0824088,0.00625918,0.0812824,0.00647742,0.0806484,0.00656544,0.0767871,0.00660751,0.225372,0.0278605,0.460183,0.0324564
385,1,75,32.2426,13.8612,0.0809447,0.00636355,0.0793412,0.00567697,0.073807,0.00611026,0.0763155,0.00581592,0.212967,0.0149497,0.461171,0.00724315
386,1,3207,491.681,75.3821,0.0811539,0.0144847,0.0812802,0.0148821,0.0805165,0.0152016,0.0782629,0.0147849,0.262527,0.0291628,0.594902,0.0748372
387,1,341,72.3848,15.3653,0.138297,0.01788,0.140306,0.0157961,0.142435,0.0144933,0.13392,0.0169585,0.241838,0.0202667,0.540382,0.0121785
388,1,272,126.142,58.4994,0.0971532,0.0165739,0.0977513,0.0173243,0.0987959,0.019265,0.0917912,0.0144206,0.248313,0.0301308,0.453299,0.0466323
389,1,107,40.2426,15.1352,0.078208,0.00256506,0.0763513,0.0025836,0.0745118,0.00278865,0.074764,0.0025367,0.276086,0.0167657,0.492864,0.00782924
390,1,70825,3759.93,199.606,0.0982069,0.0245061,0.0979727,0.0237924,0.0981433,0.02345,0.0908211,0.0239123,0.205984,0.0257433,0.54215,0.0842507
391,1,566,185.698,60.9257,0.0785546,0.00308007,0.0765351,0.00260196,0.074913,0.00210217,0.0749355,0.00246468,0.279422,0.0259337,0.575733,0.0490762
392,1,132,67.0711,34.0798,0.0742167,0.00282258,0.0729845,0.00310665,0.0710732,0.00384103,0.0716303,0.00303096,0.219697,0.0461551,0.477887,0.0136938
393,1,1002,169.113,28.542,0.112049,0.00406389,0.111322,0.00369648,0.112451,0.0036277,0.103149,0.00376331,0.248984,0.0234747,0.433869,0.0069944
394,1,98,49.4142,24.916,0.112495,0.0101194,0.110836,0.00926265,0.110502,0.00849431,0.107809,0.00994557,0.256343,0.0232637,0.59487,0.0402281
395,1,6924,417.924,25.2254,0.0778265,0.00729077,0.0754738,0.00714559,0.0747992,0.0068854,0.0695712,0.00710473,0.223546,0.0265744,0.466792,0.0352141
396,1,81,34.4853,14.6819,0.0958777,0.0105097,0.0954003,0.0100692,0.0941849,0.00954272,0.0921141,0.0107811,0.248366,0.0213285,0.638889,0.00520135
397,1,1703,266.669,41.7571,0.0729052,0.0032311,0.0710062,0.00348404,0.0688591,0.00366165,0.0685724,0.00312074,0.224006,0.0262085,0.456293,0.024358
398,1,230,80.7279,28.3348,0.0811803,0.00628325,0.0802912,0.00610578,0.0787295,0.00572675,0.078159,0.00639186,0.257886,0.023747,0.619976,0.0106589
399,1,1242,163.355,21.4855,0.0769483,0.0106609,0.0754714,0.0107493,0.0737566,0.0107302,0.0733217,0.0106937,0.266559,0.031667,0.649873,0.030755
400,1,108,50.2426,23.3734,0.0809209,0.00199285,0.0786557,0.00219471,0.0764949,0.00190031,0.0772391,0.00209033,0.292375,0.0196175,0.682933,0.00176954
401,1,151,82.8284,45.4341,0.11144,0.0325941,0.108697,0.0334195,0.107405,0.0343001,0.104879,0.0315793,0.255863,0.0365347,0.632719,0.098697
402,1,105,41.0711,16.0651,0.0792332,0.00378028,0.0764672,0.00341685,0.0734903,0.00294612,0.0735172,0.00386903,0.188422,0.021041,0.417889,0.00795551
403,1,74,44.2426,26.4515,0.0845941,0.00609693,0.0812744,0.00572716,0.0788205,0.00555673,0.079484,0.0058163,0.275835,0.0183403,0.62427,0.00683099
404,1,529,113.113,24.1862,0.103354,0.00363391,0.101841,0.00465669,0.100639,0.0051048,0.0941874,0.00463811,0.227488,0.0206843,0.432803,0.0107434
405,1,116,62.8284,34.0294,0.0791123,0.0112999,0.0759565,0.0105036,0.0729671,0.0103267,0.0744174,0.0103156,0.256592,0.0187098,0.620981,0.049469
406,1,213,61.5563,17.7896,0.133995,0.0152233,0.1335,0.0146433,0.133572,0.0137637,0.12635,0.016032,0.226512,0.0199325,0.433987,0.0139023
407,1,196,87.6569,39.2027,0.0821174,0.00275953,0.07972,0.00307859,0.0772243,0.0027881,0.0779122,0.0028301,0.244618,0.0302651,0.630654,0.0420017
408,1,223,99.3137,44.2297,0.0777687,0.00340885,0.075049,0.00318603,0.0720867,0.00353696,0.0732562,0.00330626,0.277605,0.0309154,0.599836,0.0426874
409,1,113,63.6569,35.8601,0.0769974,0.00300662,0.074058,0.00325168,0.069301,0.00301775,0.0722438,0.00323678,0.261357,0.0335806,0.616121,0.0386482
410,1,408,115.799,32.8662,0.0957387,0.00924994,0.0952348,0.0102496,0.0947303,0.010688,0.0910844,0.00942361,0.233862,0.0262267,0.447701,0.0644436
411,1,29232,1296.98,57.5455,0.088001,0.00827474,0.086906,0.00803156,0.0865369,0.00780999,0.0816585,0.00845067,0.209267,0.0272183,0.479926,0.0426622
412,1,113,54.2426,26.0377,0.0698526,0.0010398,0.0668667,0.00107862,0.0641821,0.00117408,0.0656175,0.000900963,0.259414,0.0297023,0.588496,0.0172197
413,1,84376,3483.88,143.849,0.0788353,0.00780279,0.0768614,0.00797686,0.0757215,0.00778124,0.0729091,0.00783888,0.261707,0.0306164,0.523053,0.068516
414,1,426,94.3848,20.9119,0.0776411,0.00992139,0.0756036,0.0086973,0.0737792,0.00805572,0.0736658,0.00877655,0.25354,0.0201603,0.459697,0.0123468
415,1,93,46.2426,22.9934,0.0679339,0.00123533,0.065736,0.00158708,0.062787,0.00152568,0.064424,0.00159374,0.258191,0.0313635,0.582244,0.0704111
416,1,283,109.556,42.412,0.0977873,0.0182171,0.097055,0.0185155,0.0959209,0.0202913,0.0925438,0.0172475,0.236555,0.0526721,0.463566,0.0780845
417,1,1250,174.77,24.4355,0.0807387,0.00794131,0.0795633,0.0072904,0.078024,0.00670923,0.0768309,0.00734854,0.230764,0.0270464,0.445389,0.0181247
418,1,94,46.2426,22.7487,0.0768701,0.010528,0.0766094,0.0125932,0.0756804,0.012545,0.0736687,0.0103835,0.236629,0.0658408,0.448821,0.0392067
419,1,685,168.042,41.2233,0.146781,0.0240914,0.145044,0.0229095,0.146942,0.0239023,0.137537,0.022013,0.204448,0.0229916,0.482551,0.0230916
420,1,1411,280.569,55.7893,0.0837197,0.0128687,0.0844766,0.0125619,0.0854013,0.0124534,0.0806317,0.0129053,0.212501,0.0314713,0.485423,0.0518473
421,1,433,114.284,30.1637,0.143224,0.0127181,0.149367,0.0101666,0.159274,0.00913835,0.143826,0.0103133,0.200942,0.0197414,0.461285,0.0261172
422,1,2963,279.581,26.3805,0.12235,0.0211015,0.123409,0.019172,0.125049,0.0176316,0.111672,0.0208731,0.213839,0.020583,0.490245,0.0499984
423,1,82,32.4853,12.8694,0.167929,0.0129072,0.169875,0.0108019,0.166633,0.0116561,0.162188,0.0123607,0.233716,0.0160276,0.566744,0.00488039
424,1,453,162.042,57.9636,0.161135,0.0255618,0.157027,0.0233581,0.154046,0.0232506,0.149855,0.0231816,0.204432,0.0487439,0.582409,0.0427376
425,1,294,121.556,50.2583,0.067938,0.0067549,0.0666418,0.00623933,0.063619,0.00717417,0.0629724,0.00609781,0.34083,0.0672843,0.572532,0.0716796
426,1,90,37.0711,15.2696,0.0808549,0.00156981,0.0800367,0.0021496,0.0794268,0.00230595,0.0780656,0.00204284,0.20597,0.0235673,0.489189,0.00331012
427,1,174,68.1421,26.6859,0.104503,0.0108076,0.104338,0.0102895,0.105179,0.00977036,0.101144,0.0111098,0.201104,0.0186306,0.502602,0.0412756
428,1,141,63.6569,28.739,0.0800609,0.00675707,0.0795415,0.00724387,0.0761496,0.00774695,0.0771616,0.00760702,0.229787,0.0702273,0.44561,0.0587352
429,1,387,128.971,42.9804,0.077827,0.00199358,0.0761219,0.00209639,0.0732289,0.0022897,0.074438,0.0021349,0.195288,0.0234891,0.464907,0.0223238
430,1,93,38.4853,15.926,0.0937191,0.00213899,0.0939409,0.00139267,0.0916593,0.00135008,0.0920788,0.00143064,0.250643,0.0315652,0.597864,0.0205615
431,1,80,32.2426,12.9948,0.0817934,0.00296695,0.0811654,0.00299647,0.0794811,0.00308874,0.0788431,0.00347131,0.18549,0.0229034,0.425929,0.0131906
432,1,55,27.4142,13.6643,0.0753263,0.00102854,0.0756765,0.000974397,0.0754063,0.0013935,0.073853,0.00100199,0.221176,0.0125935,0.465111,0.00726168
433,1,9407,676.392,48.6346,0.0720719,0.0052651,0.0710711,0.00514349,0.0694545,0.00481817,0.0683882,0.00527726,0.212618,0.0253195,0.500003,0.0553663
434,1,154,55.799,20.2177,0.0727737,0.00166785,0.0712154,0.00228186,0.0661096,0.00155324,0.0685683,0.00236166,0.37726,0.0204718,0.559275,0.0371643
435,1,206,68.1421,22.5405,0.156274,0.0128139,0.155725,0.011862,0.155891,0.0117695,0.147188,0.0130191,0.211593,0.024983,0.453523,0.0244797
436,1,2984,379.64,48.2997,0.0804754,0.00301393,0.078944,0.00316684,0.0779565,0.00365353,0.0762829,0.00324291,0.257637,0.0308379,0.473661,0.0335222
437,1,1928,343.782,61.2997,0.084934,0.0236259,0.083755,0.0236295,0.0812824,0.0234138,0.0811732,0.0234763,0.198672,0.0240059,0.434563,0.0232387
438,1,313,100.385,32.1952,0.0689428,0.00140565,0.0664075,0.00134212,0.0625097,0.00166813,0.064342,0.00142625,0.3623,0.0297208,0.643252,0.00795922
439,1,180,51.3137,14.6283,0.142615,0.0144029,0.14426,0.0136256,0.145366,0.013277,0.134525,0.0151221,0.209869,0.0219766,0.428604,0.0148904
440,1,98,36.4853,13.5834,0.119629,0.0112596,0.1195,0.0103603,0.119508,0.00944744,0.11189,0.0124056,0.195118,0.0284176,0.41492,0.00840582
441,1,144,79.0711,43.4183,0.0785589,0.0113742,0.0765803,0.0113325,0.0726971,0.00990838,0.0742786,0.0105674,0.305065,0.0623385,0.593328,0.0895853
442,1,400,137.698,47.4022,0.119622,0.0232808,0.121468,0.0229632,0.122583,0.0237782,0.109996,0.0198563,0.224598,0.0452773,0.43625,0.0639365
443,1,303,98.7279,32.169,0.0785911,0.00399961,0.0753677,0.00502312,0.0698877,0.004597,0.0737393,0.00486093,0.205643,0.0232283,0.436959,0.00872291
444,1,9070,586.149,37.8799,0.0946814,0.0163289,0.0940777,0.0167204,0.0933762,0.0173254,0.0870463,0.015692,0.248855,0.024705,0.473293,0.0367994
445,1,1276,243.497,46.4663,0.0928674,0.0110624,0.0891425,0.0117298,0.0819211,0.0120431,0.0854725,0.0117148,0.199222,0.0296749,0.446936,0.0280416
446,1,691,181.941,47.9053,0.079089,0.00267597,0.0784786,0.00267322,0.0764846,0.00295048,0.0761331,0.00254479,0.215272,0.0183934,0.429157,0.014587
447,1,69,34.2426,16.9936,0.0696202,0.00372463,0.0648362,0.00445261,0.0569541,0.0022906,0.0616644,0.00355257,0.196135,0.0213909,0.422248,0.00337804
448,1,240,94.9706,37.5809,0.0772928,0.00445645,0.0761018,0.00384324,0.0687902,0.00282794,0.0738249,0.00382695,0.218399,0.0310659,0.545355,0.0145908
449,1,105,66.8284,42.5337,0.0767225,0.00766818,0.0754223,0.0087768,0.070008,0.00742889,0.0735695,0.00795855,0.193315,0.0200833,0.49749,0.0526627
450,1,2507,487.48,94.7894,0.0717088,0.0020966,0.0691313,0.00232561,0.0657004,0.00288891,0.0670739,0.00215136,0.348586,0.0293925,0.503886,0.0196571
451,1,206,77.5563,29.199,0.0684243,0.00163875,0.0674547,0.00186164,0.0643815,0.00269558,0.0661138,0.00201772,0.223606,0.0198424,0.46392,0.00951149
452,1,464,117.213,29.6098,0.0770277,0.00584999,0.0765994,0.00594121,0.0749572,0.00594389,0.0747034,0.00587632,0.215762,0.0270501,0.458877,0.0228586
453,1,139,63.6569,29.1525,0.0615117,0.00125943,0.0596619,0.00122887,0.0576385,0.00114148,0.0583611,0.00128566,0.236733,0.0204077,0.547346,0.0311431
454,1,602,121.355,24.4637,0.0846947,0.0046338,0.0840478,0.00447756,0.0813405,0.00386667,0.0813219,0.00474088,0.216403,0.0243143,0.463567,0.0209102
455,1,119,40.7279,13.9392,0.158196,0.00768589,0.162496,0.00577036,0.167151,0.00477323,0.149847,0.00590924,0.210348,0.0252603,0.477856,0.0124164
456,1,64,29.4142,13.5187,0.0599344,0.00102628,0.0583588,0.00116237,0.0565431,0.000981111,0.0569787,0.00115079,0.213235,0.0155246,0.510769,0.0115013
457,1,1741,302.811,52.6678,0.0818848,0.0262539,0.080595,0.0263082,0.0785616,0.0263935,0.0772765,0.0259452,0.200264,0.0244328,0.452873,0.0211564
458,1,467,101.113,21.8925,0.152092,0.013526,0.150835,0.0132477,0.151004,0.0139944,0.14078,0.0149019,0.188009,0.0268042,0.502257,0.0186341
459,1,78,34.2426,15.0328,0.116638,0.0187649,0.1158,0.0171641,0.113755,0.0158794,0.10962,0.0198706,0.206486,0.0163368,0.438929,0.00901608
460,1,368,89.2132,21.6277,0.132803,0.0133385,0.136694,0.0136064,0.141368,0.0137253,0.128259,0.0143271,0.188491,0.0279327,0.414219,0.0105072
461,1,6494,635.321,62.1547,0.0997582,0.0180363,0.101112,0.0169402,0.102387,0.0159529,0.0926635,0.0181638,0.199677,0.0245787,0.433589,0.0212184
462,1,664,133.799,26.9611,0.116829,0.0158937,0.115436,0.0144018,0.112914,0.0131337,0.11228,0.0149518,0.23106,0.0263905,0.471436,0.0224627
463,1,76,42.8284,24.1352,0.0667235,0.00182257,0.0658359,0.00188293,0.0639092,0.00195546,0.0641653,0.00164776,0.197265,0.0269752,0.435277,0.00720951
464,1,113,52.2426,24.153,0.0692135,0.00252319,0.0686705,0.00264504,0.0669038,0.00206673,0.0671587,0.0023494,0.186118,0.0308566,0.419756,0.00912878
465,1,866,183.456,38.8638,0.0869586,0.00653987,0.0860144,0.00601842,0.0836517,0.00563916,0.0839004,0.00587146,0.2435,0.0330003,0.45314,0.0149408
466,1,1213,193.497,30.8667,0.0854402,0.0158276,0.0857745,0.0151385,0.0861134,0.0145843,0.0782681,0.0163661,0.19979,0.0360262,0.420674,0.0182107
467,1,234,99.8995,42.6492,0.0902595,0.0103319,0.0896492,0.0101964,0.0876829,0.010366,0.0870295,0.0105469,0.20481,0.0251351,0.449555,0.0220685
468,1,52,24.8284,11.8548,0.0827169,0.00275608,0.0827752,0.00260386,0.0788345,0.00221598,0.0814019,0.00259106,0.22187,0.0180587,0.4579,0.00812707
469,1,4797,545.48,62.0281,0.0915463,0.0129936,0.0920897,0.0131139,0.092252,0.0135416,0.0872165,0.0124765,0.22747,0.0268821,0.448424,0.0210811
470,1,180,64.4853,23.102,0.118246,0.0128879,0.118469,0.0129071,0.120269,0.0127025,0.110573,0.0157414,0.238845,0.0256412,0.428754,0.0059726
471,1,5427,435.782,34.9928,0.0595329,0.00123006,0.0572433,0.00138703,0.0561079,0.00155411,0.0555653,0.00150293,0.285281,0.0232789,0.593505,0.0858636
472,1,581,165.012,46.8658,0.138627,0.0239056,0.140312,0.0234946,0.142781,0.0238274,0.132613,0.0230313,0.230495,0.0298812,0.439747,0.0484001
473,1,60,34.8284,20.217,0.059792,0.00107078,0.0576592,0.00103792,0.0551875,0.000774767,0.0564383,0.000933006,0.298627,0.0174179,0.467905,0.0107985
474,1,88,43.4142,21.4181,0.0680986,0.00575825,0.0667729,0.00644949,0.0648553,0.00688196,0.0645226,0.00579849,0.197282,0.0607393,0.477196,0.124077
475,1,137,69.0711,34.8234,0.108637,0.0283938,0.109619,0.0296629,0.111902,0.0312655,0.102038,0.0265309,0.227852,0.0411987,0.470655,0.106282
476,1,15485,1146.26,84.8502,0.100235,0.0233488,0.100431,0.0221987,0.0999548,0.021706,0.0950338,0.0220482,0.233127,0.0254726,0.536869,0.0779351
477,1,219,72.4853,23.9914,0.0827915,0.00234577,0.0812886,0.00245087,0.0764009,0.00290793,0.0786499,0.00291264,0.207915,0.0220726,0.421881,0.00964148
478,1,50,24.8284,12.329,0.0746869,0.00316193,0.0729653,0.0030309,0.070032,0.00305179,0.0713141,0.00339965,0.177176,0.0218018,0.418243,0.00432644
479,1,231,85.8995,31.9425,0.0941184,0.012936,0.0934131,0.0122942,0.0919629,0.0123372,0.0884421,0.0136383,0.192089,0.0182702,0.435884,0.0500912
480,1,225,107.899,51.7436,0.0650966,0.0103625,0.0636325,0.0111537,0.0613061,0.010777,0.0623473,0.0110474,0.274667,0.0445294,0.606306,0.0975347
481,1,1006,178.669,31.7322,0.138257,0.0205749,0.139231,0.0191899,0.140237,0.0182841,0.1306,0.0205316,0.228394,0.0273281,0.45007,0.0163287
482,1,204,77.0711,29.1174,0.0674512,0.00306422,0.0672071,0.00393904,0.0653634,0.00390175,0.0654477,0.0035907,0.209496,0.0427385,0.466415,0.0903792
483,1,134,47.6569,16.9491,0.0873783,0.0213539,0.0912431,0.0237574,0.0954082,0.0266212,0.0813373,0.0257404,0.194644,0.0186265,0.407674,0.0120174
484,1,263,108.485,44.7493,0.0625209,0.00930095,0.0604281,0.00994234,0.0583031,0.0100361,0.0590198,0.00958435,0.275911,0.0292629,0.476955,0.0348328
485,1,707,177.698,44.663,0.0633651,0.00595766,0.0613246,0.00643289,0.0594496,0.00645989,0.0599347,0.0061042,0.268686,0.0310921,0.471549,0.0175387
486,1,525,138.184,36.371,0.146503,0.018648,0.14614,0.017054,0.146111,0.0161695,0.138302,0.0192849,0.223171,0.0239903,0.521441,0.022962
487,1,102,47.0711,21.7224,0.123321,0.0375935,0.123883,0.038733,0.124128,0.0401607,0.116232,0.036026,0.228527,0.0563203,0.486089,0.0145294
488,1,67,34.8284,18.1048,0.063473,0.000859311,0.060324,0.000770477,0.0561527,0.000824802,0.0593245,0.000818693,0.296576,0.026768,0.487596,0.0140377
489,1,236,79.2132,26.5878,0.124111,0.0296236,0.12531,0.0302196,0.127373,0.0323866,0.116016,0.0280868,0.217016,0.0328389,0.476695,0.0279018
490,1,15079,1074.16,76.5178,0.119784,0.0260384,0.121066,0.024829,0.122882,0.0239102,0.111006,0.027318,0.20803,0.0254069,0.516917,0.0773298
491,1,230,103.314,46.4075,0.126733,0.0325242,0.127298,0.0321727,0.128016,0.0323948,0.11916,0.0323453,0.211748,0.0240007,0.428555,0.0145343
492,1,2199,241.497,26.5216,0.0852199,0.0101343,0.0870809,0.00985738,0.087728,0.00996571,0.0803851,0.0103555,0.201976,0.0266084,0.428509,0.0194339
493,1,54,26,12.5185,0.158756,0.0118973,0.15605,0.0106619,0.153958,0.0102057,0.151287,0.0117824,0.219245,0.0152866,0.641391,0.00549412
494,1,626,147.355,34.6863,0.124932,0.026132,0.127287,0.0245384,0.129719,0.0237517,0.114417,0.0271042,0.199298,0.0211369,0.415314,0.0111012
495,1,66,31.6569,15.1842,0.148735,0.0203325,0.148322,0.017743,0.148982,0.0166715,0.140993,0.0198849,0.221985,0.0134273,0.599201,0.00999142
496,1,156,60.4853,23.4517,0.130819,0.0157693,0.133652,0.0145813,0.136426,0.0138776,0.119971,0.0169357,0.191855,0.0259389,0.421864,0.0183641
497,1,75,32.2426,13.8612,0.0932081,0.00606537,0.0931809,0.00548187,0.0911157,0.00489935,0.0904618,0.00569894,0.239111,0.0310769,0.557477,0.00932161
498,1,150,56.4853,21.2706,0.0918992,0.00895214,0.0899446,0.0081108,0.0865608,0.00704278,0.0882665,0.00796523,0.210222,0.0186314,0.634369,0.0143128
499,1,93,37.0711,14.777,0.0999298,0.0116353,0.0994031,0.00939898,0.0982897,0.00773285,0.0959481,0.00986302,0.205144,0.0342743,0.557759,0.0116195
500,1,70,29.6569,12.5647,0.162196,0.013205,0.160941,0.0120833,0.160399,0.0118004,0.154692,0.0131344,0.221961,0.0157617,0.564768,0.00770328
501,1,653,116.042,20.6212,0.0885211,0.0113935,0.0878436,0.00964408,0.0859852,0.00832053,0.0852899,0.00958101,0.200456,0.0247419,0.636211,0.00978481
502,1,85,33.0711,12.867,0.142494,0.0206087,0.141419,0.0191649,0.14057,0.0188687,0.1335,0.0219254,0.209827,0.0166663,0.64221,0.00988188
503,1,57,26.2426,12.082,0.114433,0.0128689,0.112945,0.0113393,0.11057,0.00944859,0.109373,0.0120229,0.201789,0.0214425,0.64853,0.0078523
504,1,7229,917.304,116.399,0.109153,0.0268908,0.108721,0.0259136,0.107978,0.0256475,0.103197,0.0258475,0.200758,0.0258581,0.51913,0.0445852
505,1,269,84.1421,26.3193,0.0728511,0.00113742,0.0732153,0.00116731,0.0717577,0.00128965,0.0712982,0.00123272,0.2007,0.0240383,0.427183,0.0176167
506,1,1511,200.326,26.5589,0.134793,0.0245319,0.135981,0.0224459,0.137659,0.0209353,0.125936,0.026401,0.214838,0.0235208,0.486947,0.0254031
507,1,106,49.0711,22.7167,0.144079,0.0220885,0.143523,0.0193529,0.142944,0.0180543,0.133826,0.0210805,0.221865,0.0226366,0.554182,0.0101237
508,1,4163,434.853,45.4232,0.0693315,0.0096216,0.068969,0.00967604,0.0675502,0.00972871,0.0663571,0.00870162,0.198371,0.0278751,0.490338,0.0477927
509,1,1105,240.569,52.374,0.114638,0.0206334,0.115435,0.0187339,0.116019,0.0174121,0.106186,0.0208095,0.208049,0.0271912,0.429393,0.0129027
510,1,64,28.2426,12.4632,0.148605,0.016032,0.14693,0.0138841,0.145776,0.0120462,0.139075,0.0157616,0.208211,0.0254498,0.560389,0.00900791
511,1,87,37.6569,16.2993,0.12828,0.0133415,0.126071,0.011194,0.122712,0.008162,0.121877,0.0120739,0.189768,0.0229772,0.42288,0.0137274
512,1,355,79.4558,17.7837,0.124436,0.0213616,0.125547,0.0205676,0.126254,0.0201819,0.116744,0.0234822,0.198752,0.0197114,0.474553,0.0158504
513,1,3003,318.468,33.7735,0.0720536,0.00684011,0.0723229,0.00666084,0.0714135,0.00658029,0.0697317,0.00644505,0.204286,0.0253312,0.461246,0.038051
514,1,272,85.2132,26.6959,0.119478,0.0183725,0.1192,0.0172449,0.118677,0.0166126,0.113914,0.0185516,0.19667,0.0209528,0.551669,0.0152199
515,1,111,53.6569,25.9375,0.0847252,0.0145257,0.0851313,0.0154127,0.0846863,0.0162836,0.0819838,0.0149412,0.211623,0.0520812,0.450694,0.0808911
516,1,28008,1464.83,76.6107,0.0656347,0.00183152,0.0640492,0.00200735,0.0635576,0.00196131,0.0605549,0.00253209,0.29724,0.0350485,0.568551,0.09941
517,1,77468,2439.64,76.8295,0.0726742,0.00540191,0.0714403,0.00554278,0.0716855,0.00563913,0.0678746,0.00508795,0.238412,0.0345508,0.545287,0.0793221
518,1,207,91.5563,40.4955,0.10495,0.0193234,0.104976,0.0199294,0.10433,0.0199985,0.101537,0.01923,0.199564,0.0542488,0.488314,0.0430288
519,1,469,104.042,23.0803,0.0769384,0.00510329,0.0774926,0.00462235,0.0777918,0.00443603,0.070919,0.00504491,0.19505,0.0260963,0.414035,0.0124329
520,1,174,75.0711,32.3889,0.0822764,0.00492131,0.0816769,0.00497177,0.0799464,0.00517978,0.0795115,0.00473163,0.17611,0.0236615,0.447616,0.0262608
521,1,109,55.0711,27.8241,0.0641996,0.00242114,0.063391,0.00318542,0.0627942,0.00359175,0.0621312,0.00321219,0.243713,0.0384814,0.629804,0.030917
522,1,463,136.385,40.1745,0.064698,0.00255943,0.0633324,0.00505858,0.0624471,0.00218474,0.0589541,0.00324724,0.272325,0.0532373,0.449755,0.02943
523,1,197,57.8995,17.017,0.0656237,0.00108882,0.063533,0.0010241,0.0620251,0.00106983,0.0618551,0.00131688,0.26384,0.0206938,0.446529,0.00465573
524,2,4602,334.652,24.3355,0.0738971,0.00223798,0.0774055,0.00262852,0.0710031,0.00314954,0.0691615,0.00285137,0.496594,0.0312881,0.43911,0.0292481
525,2,3118,343.681,37.8822,0.0633711,0.00436449,0.0651808,0.00442946,0.0575652,0.00431263,0.0604872,0.00317675,0.478746,0.0307357,0.459806,0.01553
526,2,1111,143.255,18.4716,0.076124,0.00162147,0.087842,0.00158734,0.0745685,0.00157952,0.0699105,0.00166604,0.505194,0.0318017,0.451438,0.0167983
527,2,113,45.0711,17.977,0.0604903,0.000895178,0.0622579,0.000776251,0.0565953,0.000851692,0.0608221,0.000658181,0.492209,0.0234896,0.468847,0.00416162
528,2,643,108.426,18.2835,0.0733012,0.00334859,0.0839612,0.00375432,0.0738068,0.00313572,0.0665204,0.00281956,0.489428,0.0230982,0.450422,0.0183137
529,2,153,51.5563,17.3729,0.0604319,0.00114448,0.0637814,0.00114952,0.0569286,0.000894951,0.0601198,0.000980241,0.483968,0.035371,0.467629,0.00912922
530,2,752,118.284,18.6053,0.0618473,0.00124199,0.061019,0.00125434,0.0582628,0.00143232,0.0575709,0.00139359,0.484496,0.0279948,0.459882,0.0134009
531,2,1223,142.184,16.53,0.071017,0.00154519,0.0804426,0.00141982,0.0689081,0.00167038,0.0689358,0.00195125,0.49625,0.0243353,0.457509,0.0128583
532,2,2064,201.397,19.6515,0.0675062,0.00122108,0.0764472,0.00128969,0.063212,0.00116387,0.0676222,0.00123608,0.490008,0.0351757,0.45104,0.0173346
533,2,431,98.3848,22.4584,0.0645964,0.0011863,0.0628722,0.00177292,0.0580168,0.00172628,0.0615124,0.00173821,0.489586,0.0406606,0.457171,0.010609
534,2,98,40.2426,16.5252,0.0656035,0.00164132,0.0655242,0.00109735,0.0610232,0.000881455,0.0641014,0.00109273,0.431453,0.0340908,0.468905,0.00508384
535,2,77,33.6569,14.7115,0.0747314,0.00156575,0.0749127,0.00212708,0.0665898,0.00210014,0.0724794,0.00213669,0.424599,0.0267966,0.458933,0.0191966
536,2,61,27.0711,12.0138,0.06453,0.000825443,0.0702256,0.000865873,0.0597628,0.000892989,0.0676955,0.000838685,0.47406,0.0152147,0.478511,0.00259771
537,2,139,57.8995,24.1176,0.0645103,0.000916366,0.070052,0.000790876,0.0593035,0.000962931,0.0680961,0.000786261,0.495613,0.0167795,0.472001,0.00433146
538,2,1763,215.539,26.3512,0.0674544,0.00184467,0.0742032,0.00242943,0.0620078,0.0016278,0.0695938,0.00103928,0.500769,0.0340856,0.460207,0.0118246
539,2,1454,158.912,17.3679,0.0650102,0.000998725,0.07062,0.00108682,0.0596884,0.00106601,0.0679983,0.00112204,0.504868,0.0268359,0.43938,0.0247961
540,2,1491,171.497,19.7259,0.0736652,0.00137775,0.0813281,0.00134101,0.0661791,0.00116918,0.0694436,0.00127121,0.502129,0.0257051,0.457765,0.0114293
541,2,50,32.8284,21.5541,0.0708898,0.00113316,0.0688838,0.00114283,0.067686,0.00090256,0.0646075,0.000734327,0.465412,0.0275119,0.478649,0.0052962
542,2,274,76.4853,21.3504,0.0640863,0.000964032,0.0689018,0.000962764,0.0589773,0.00100028,0.0675825,0.000968762,0.503492,0.0300916,0.464638,0.00731392
543,2,361,79.5563,17.5324,0.0646234,0.000989092,0.0701814,0.000955469,0.0595361,0.00100654,0.0682634,0.00105537,0.492727,0.0224193,0.460994,0.0130922
544,2,442,100.184,22.7077,0.0692285,0.00176116,0.0736681,0.0013823,0.060235,0.00106642,0.0640918,0.00183339,0.472629,0.0296391,0.471933,0.00666083
545,2,4062,376.853,34.9626,0.0649337,0.00106656,0.0702958,0.00108751,0.0603639,0.0010674,0.0684459,0.00109778,0.491757,0.0315371,0.449724,0.0148782
546,2,527,120.87,27.7221,0.0657125,0.00118364,0.0683655,0.00103069,0.0545681,0.00119215,0.06392,0.00129112,0.489459,0.0311009,0.46746,0.00627926
547,2,140,65.6569,30.7916,0.0649106,0.00100474,0.0701009,0.00103784,0.0600781,0.0010081,0.0687514,0.000978884,0.464902,0.0262621,0.467471,0.0102658
548,2,331,75.2132,17.0907,0.0659998,0.00118146,0.0734485,0.00161295,0.0604039,0.00139193,0.0652288,0.00118466,0.476761,0.0219531,0.466522,0.0103477
549,2,255,108.385,46.0677,0.0671308,0.00129194,0.0729591,0.00120849,0.0612738,0.00119182,0.0710482,0.00121065,0.474725,0.0205484,0.47602,0.00469531
550,2,65,28.8284,12.7858,0.0656431,0.000863619,0.0717812,0.000762683,0.0603516,0.00088234,0.0694788,0.000871611,0.495505,0.0240803,0.459356,0.0100213
551,2,1180,175.113,25.9868,0.0642134,0.000897521,0.0692439,0.00089611,0.0596653,0.000966116,0.0671326,0.000967185,0.491841,0.0297585,0.461486,0.0112027
552,2,306,84.9706,23.5948,0.06549,0.00109208,0.0716468,0.00101837,0.0592136,0.00100894,0.0662224,0.00192217,0.466308,0.0363502,0.472068,0.00756422
553,2,891,247.598,68.8044,0.0677531,0.00133774,0.06854,0.00182329,0.0629281,0.00242829,0.0667617,0.00206122,0.424779,0.0373504,0.470986,0.0112384
554,2,1359,166.184,20.3216,0.0658561,0.00101302,0.0717046,0.00104321,0.0600025,0.00106771,0.0675813,0.00104765,0.455597,0.0324775,0.464203,0.014259
555,2,654,153.355,35.96,0.0632987,0.00101301,0.0646339,0.00115799,0.0597213,0.00121889,0.0628179,0.00112517,0.408299,0.0677806,0.453457,0.0128213
556,2,2299,282.51,34.7158,0.0630673,0.00103781,0.0668063,0.00113121,0.0591762,0.00103167,0.0639676,0.00106272,0.462365,0.0361207,0.463374,0.011478
557,2,177,69.8995,27.6042,0.063091,0.00079572,0.0645117,0.000909962,0.0594888,0.000939534,0.062572,0.000813233,0.424748,0.036617,0.479692,0.00563242
558,2,551,121.456,26.7723,0.0649487,0.000835402,0.0712816,0.000917892,0.0600718,0.000906965,0.0659058,0.000916829,0.381687,0.0446671,0.46445,0.0146671
559,2,1238,161.841,21.157,0.0858123,0.00586523,0.0919045,0.0051015,0.0905816,0.00429154,0.0851275,0.00451286,0.368463,0.0665658,0.442808,0.0222626
560,2,251,65.5563,17.1221,0.0928273,0.00179035,0.0958355,0.00210578,0.0917603,0.00256753,0.0877518,0.00185029,0.412499,0.0487033,0.470012,0.0146737
561,2,996,133.255,17.8282,0.0649882,0.00107104,0.0701203,0.00106179,0.0585279,0.00110828,0.066914,0.00111657,0.472939,0.0326165,0.46142,0.0151376
562,2,333,93.4558,26.2282,0.0654035,0.00102652,0.0710834,0.000997658,0.0593789,0.00103697,0.0675507,0.00104672,0.467679,0.0387929,0.472445,0.00917466
563,2,546,102.385,19.199,0.091403,0.0015363,0.0952836,0.00197454,0.0918817,0.00198756,0.0870856,0.00191036,0.411851,0.0322149,0.470745,0.0102588
564,2,158,78.2426,38.7463,0.0616508,0.00108707,0.0616104,0.00113114,0.0552519,0.00132448,0.0601963,0.00100673,0.360362,0.0784147,0.407159,0.0292075
565,2,227,81.3137,29.1274,0.0862399,0.00294921,0.0908372,0.00324839,0.0867818,0.00399881,0.0842857,0.00290628,0.420161,0.0313698,0.476396,0.00830249
566,2,139,46.7279,15.7086,0.0676928,0.00134298,0.0743012,0.00173452,0.0597678,0.00107148,0.0677843,0.000817082,0.472253,0.0205419,0.475258,0.0037628
567,2,227,65.3137,18.7924,0.0658221,0.00103825,0.0706469,0.00107983,0.0587285,0.00103517,0.0675249,0.000972224,0.38034,0.0557645,0.461364,0.0152738
568,2,899,143.841,23.0146,0.0661472,0.000989872,0.0710712,0.000992691,0.0589025,0.00108302,0.0676626,0.00103878,0.338651,0.0547706,0.442459,0.0240867
569,2,420,103.456,25.4836,0.0633947,0.00141428,0.0635174,0.00153368,0.0599156,0.0018663,0.0592559,0.00136263,0.399122,0.0339612,0.474099,0.00901907
570,2,464,93.2132,18.7256,0.114642,0.00458475,0.111423,0.00874561,0.101967,0.0150788,0.105116,0.0108585,0.464613,0.0296026,0.466697,0.0142322
571,2,329,77.8995,18.4448,0.0884772,0.00554971,0.0866557,0.00770855,0.0820835,0.00727225,0.0823153,0.00708072,0.4819,0.0397776,0.46558,0.00867305
572,2,117,59.0711,29.8239,0.0669169,0.00968698,0.0674639,0.0102539,0.0627123,0.00977521,0.0610381,0.00969328,0.479035,0.0342935,0.47742,0.00838829
573,2,89,35.6569,14.2855,0.0657407,0.00142962,0.0664776,0.000849489,0.0632817,0.00100691,0.0602453,0.000637318,0.458735,0.0268687,0.477376,0.00321918
574,2,2335,251.154,27.0143,0.0612417,0.00128106,0.0606068,0.0013208,0.0569156,0.00149461,0.058023,0.00153167,0.469722,0.0328808,0.449039,0.0255245
575,2,109,45.0711,18.6367,0.0648379,0.000933543,0.0699515,0.000825817,0.0585102,0.000798494,0.0668458,0.000842603,0.420291,0.0179736,0.486115,0.0034043
576,2,101,48.2426,23.0431,0.117653,0.00400815,0.121362,0.00492699,0.120388,0.00405194,0.116585,0.00468823,0.484527,0.014925,0.472505,0.0102519
577,2,2246,211.154,19.8514,0.0767169,0.0041836,0.0771581,0.00432424,0.0701217,0.00451222,0.0714489,0.00404131,0.479565,0.0346675,0.447661,0.0209524
578,2,74,33.6569,15.3079,0.0626204,0.00124431,0.0623099,0.000880195,0.0585493,0.000935396,0.059273,0.000867612,0.451987,0.0191256,0.484204,0.00474887
579,2,252,81.2132,26.173,0.0613221,0.00151716,0.0608985,0.00133328,0.0561456,0.0010074,0.059047,0.00119951,0.485107,0.0254371,0.464125,0.00825181
580,2,2802,249.397,22.198,0.0645231,0.00256055,0.0681599,0.00291211,0.0590015,0.00203472,0.0627862,0.0018463,0.452012,0.0522542,0.451943,0.0199607
581,2,302,108.627,39.0726,0.060476,0.00341553,0.0618281,0.0013489,0.0548333,0.000828764,0.0602535,0.00124596,0.479185,0.0330752,0.469841,0.00703194
582,2,582,101.799,17.8059,0.0656095,0.00120392,0.0715953,0.00109169,0.0597665,0.00110746,0.0691296,0.00119486,0.423732,0.0416134,0.467551,0.0115759
583,2,431,94.3848,20.6693,0.0647176,0.000992823,0.0701961,0.00102895,0.0595286,0.00110207,0.0675166,0.00112513,0.494827,0.0293244,0.469179,0.00634542
584,2,1971,206.569,21.6492,0.0701908,0.00386304,0.0694198,0.00357839,0.0635099,0.00313152,0.066745,0.00309595,0.489649,0.0346918,0.454749,0.0156368
585,2,202,67.3137,22.4314,0.0680457,0.00209443,0.0732823,0.00423842,0.0641138,0.0029668,0.067422,0.00255669,0.420346,0.02437,0.478592,0.00761059
586,2,1151,144.669,18.1834,0.0696268,0.00142057,0.0758196,0.00144896,0.0651815,0.00157865,0.0698762,0.00145941,0.461117,0.0319008,0.462747,0.0106797
587,2,1657,186.912,21.0839,0.0651469,0.00146596,0.0698732,0.00144048,0.0592597,0.0013765,0.067733,0.00160883,0.471168,0.0288669,0.441905,0.0275852
588,2,2150,314.711,46.0664,0.0717278,0.00613838,0.0766646,0.00650954,0.0625004,0.00488916,0.0742619,0.00604068,0.494123,0.0313396,0.443655,0.0178956
589,2,54,25.4142,11.9608,0.0789242,0.00436236,0.0829363,0.00391576,0.0654233,0.00302042,0.0810196,0.00359223,0.544081,0.0285912,0.436436,0.00589019
590,2,79,42,22.3291,0.0677902,0.00201458,0.0725144,0.00196389,0.0601529,0.00181054,0.0706451,0.00157965,0.429834,0.0149676,0.473144,0.021474
591,2,413,95.5563,22.109,0.0662514,0.000814736,0.0706659,0.000833997,0.0603128,0.00092889,0.0688212,0.000855169,0.483151,0.0375395,0.47173,0.00793792
592,2,3431,303.782,26.8969,0.0675976,0.00114718,0.0728057,0.00115421,0.0616483,0.00110403,0.0708881,0.00128969,0.443334,0.0367313,0.44669,0.0237812
593,2,181,55.5563,17.0525,0.0700437,0.00112449,0.0744098,0.00118422,0.0635009,0.00125537,0.0703288,0.0013158,0.466775,0.028409,0.47301,0.00649009
594,2,241,72.1421,21.5954,0.0775443,0.00324692,0.0850505,0.00206684,0.0733985,0.00200083,0.0778864,0.00278018,0.441657,0.0285669,0.480935,0.00479413
595,2,1083,142.184,18.6669,0.0639852,0.00090263,0.0683313,0.00092025,0.0577129,0.00103694,0.0665068,0.00098953,0.491949,0.0301247,0.448491,0.0179418
596,2,209,56.1421,15.081,0.0713231,0.00102257,0.0793244,0.000942213,0.0672584,0.00109827,0.0690176,0.00118538,0.472371,0.035247,0.46974,0.00920803
597,2,702,114.527,18.6843,0.0713057,0.00181279,0.0754867,0.00179879,0.0646796,0.00189895,0.0677748,0.00167107,0.426742,0.0255462,0.471356,0.0105264
598,2,151,55.0711,20.0849,0.0699423,0.00108968,0.0730901,0.0010939,0.0621776,0.00096878,0.0699092,0.00114852,0.483755,0.0169732,0.476418,0.00472159
599,2,3627,342.593,32.3601,0.0807136,0.00802888,0.0840978,0.00764806,0.0715142,0.00711869,0.0785968,0.00794335,0.49602,0.0299752,0.45576,0.0161637
600,2,112,50.4853,22.7568,0.0673985,0.000815366,0.0719432,0.00095445,0.0617963,0.00107525,0.0698617,0.00113343,0.494923,0.0231952,0.468509,0.00641978
601,2,59,36.8284,22.9887,0.0640623,0.000750673,0.0680645,0.000678188,0.0580543,0.000834108,0.0667556,0.000738338,0.493852,0.0152116,0.457627,0.00300386
602,2,120,47.0711,18.464,0.0645319,0.000774614,0.0685389,0.000861376,0.058627,0.000890309,0.0673498,0.000874229,0.46549,0.0186882,0.472185,0.00410844
603,2,53,24.8284,11.6311,0.142649,0.000851632,0.139511,0.0012592,0.102327,0.00160649,0.133528,0.00121991,0.501961,0.0272867,0.469276,0.0100447
604,2,81,44.8284,24.8097,0.0642438,0.00131709,0.0681514,0.00141869,0.0580414,0.0011198,0.0669146,0.00138244,0.505108,0.0218858,0.455956,0.0129648
605,2,127,45.8995,16.5887,0.0642545,0.000836474,0.0685485,0.000813411,0.0578663,0.000911504,0.067129,0.000793642,0.482816,0.027522,0.454299,0.0161428
606,2,2793,274.811,27.0395,0.0661859,0.0014146,0.0706051,0.00145864,0.0609628,0.00142053,0.0678758,0.00126418,0.493779,0.0305674,0.446827,0.0189023
607,2,981,127.355,16.5335,0.0690899,0.0011862,0.0737618,0.00127332,0.0675592,0.00137502,0.064331,0.00135718,0.492023,0.028708,0.45105,0.018865
608,2,137,51.3137,19.2197,0.0714678,0.00147014,0.0787615,0.00146249,0.0669602,0.000998275,0.072552,0.00151489,0.48616,0.02239,0.468534,0.009216
609,2,1377,168.184,20.5416,0.0693485,0.00172719,0.0747632,0.00158194,0.0618935,0.00144285,0.0699794,0.00165244,0.489644,0.0356921,0.46125,0.0124248
610,2,117,66.8284,38.1713,0.062848,0.000952332,0.0664544,0.00134889,0.0562876,0.00131978,0.0647442,0.00149933,0.470421,0.0207281,0.444502,0.0235197
611,2,159,61.8995,24.0978,0.0642266,0.00192247,0.0700519,0.00284088,0.0567323,0.00172126,0.0669323,0.00162885,0.460945,0.0354834,0.468256,0.0126749
612,2,880,199.74,45.3365,0.0689646,0.00523659,0.0658437,0.00633362,0.0652357,0.00722199,0.0617517,0.00654592,0.49283,0.026531,0.470984,0.0066592
613,2,574,148.627,38.4845,0.0723571,0.00167527,0.0715146,0.00233831,0.0651704,0.00255585,0.0695112,0.00211923,0.459008,0.0397375,0.468853,0.00590622
614,2,3496,298.953,25.5644,0.0680144,0.00167203,0.0663665,0.00171512,0.066829,0.0018201,0.0632957,0.00153297,0.497561,0.0307504,0.449083,0.0203684
615,2,336,78.9706,18.5606,0.0623626,0.000879059,0.0604735,0.00106128,0.0608137,0.00128714,0.0580076,0.00102727,0.486053,0.0274025,0.469615,0.00787136
616,2,1196,161.255,21.7417,0.0727886,0.00528735,0.0733811,0.00538332,0.0639382,0.00468389,0.070368,0.00460331,0.502977,0.0426914,0.438862,0.0246478
617,2,1315,179.355,24.4626,0.0800452,0.00356236,0.0827536,0.00331328,0.0751992,0.00319231,0.0785256,0.00311663,0.489373,0.0290262,0.461474,0.0143061
618,2,205,55.2132,14.8707,0.0801209,0.00130148,0.0813352,0.00138573,0.0740783,0.00120998,0.0787765,0.00128551,0.47034,0.0329496,0.464436,0.0121032
619,2,1899,248.569,32.5362,0.0732136,0.00434218,0.0712704,0.00453984,0.0700647,0.00503761,0.0683179,0.00458137,0.493378,0.0332187,0.457019,0.0111919
620,2,50,25.4142,12.9176,0.0717584,0.00210427,0.0710255,0.00258396,0.0657786,0.00281981,0.0679419,0.00320648,0.496235,0.0304896,0.459324,0.00531856
621,2,333,111.799,37.5346,0.0683018,0.0026611,0.066864,0.00276371,0.061353,0.00228914,0.0641797,0.00245685,0.483166,0.036661,0.46646,0.00290531
622,2,1258,195.598,30.4122,0.0714687,0.00214187,0.0686406,0.00279474,0.0672593,0.00352523,0.0659175,0.00235945,0.472699,0.0368959,0.461253,0.0142931
623,2,2880,494.551,84.924,0.0887717,0.0114158,0.0877222,0.0118844,0.0860873,0.0113649,0.0826765,0.011151,0.492595,0.0288073,0.454758,0.0159743
624,2,3581,306.066,26.1593,0.0688633,0.00253662,0.0671973,0.00305428,0.0689206,0.00326706,0.0628882,0.00318528,0.487814,0.0306589,0.439425,0.0289472
625,2,137,48.9706,17.5045,0.0707073,0.00122169,0.074256,0.000891402,0.0588983,0.00107842,0.0697456,0.00189219,0.487792,0.0287249,0.468041,0.00624431
626,2,164,78.7279,37.7932,0.0683228,0.00243616,0.0747223,0.00224255,0.063775,0.00241873,0.0727029,0.00214727,0.493639,0.0256306,0.468977,0.00737959
627,2,1843,235.054,29.9785,0.0771924,0.00374156,0.0833012,0.00401606,0.069787,0.00416891,0.0801048,0.00454745,0.494258,0.0263622,0.451621,0.0166474
628,2,4872,420.894,36.3613,0.0755808,0.00639493,0.0808327,0.00715482,0.0674365,0.00690015,0.0780322,0.00670689,0.494066,0.0304942,0.437293,0.0332003
629,2,3225,254.711,20.1171,0.0630153,0.000761132,0.0606795,0.000776789,0.0616904,0.000979879,0.0573069,0.000740498,0.473119,0.0378853,0.447987,0.0236665
630,2,360,80.3848,17.9492,0.0609912,0.00182039,0.0592675,0.00173065,0.0590997,0.00169626,0.0569111,0.00192017,0.284052,0.0302992,0.410792,0.00955681
631,2,726,119.941,19.8153,0.0710552,0.00137464,0.0765689,0.00126937,0.064045,0.00133899,0.0737397,0.00194239,0.503684,0.0299942,0.451,0.017368
632,2,134,56.4853,23.8104,0.100641,0.0197454,0.101141,0.0166638,0.0788965,0.0134785,0.0889043,0.0144997,0.486714,0.0293294,0.466166,0.0109975
633,2,529,110.971,23.2788,0.0658202,0.000766899,0.0635706,0.00074135,0.0631844,0.00100598,0.0619007,0.000570862,0.479729,0.0358791,0.459779,0.015128
634,2,250,97.5563,38.069,0.0644734,0.000604655,0.062376,0.000668025,0.0617344,0.000860122,0.0611523,0.000723843,0.484878,0.0319566,0.453,0.0143302
635,2,11993,999.345,83.2728,0.0692679,0.0165132,0.0731208,0.0143092,0.0589526,0.0109596,0.0680011,0.0116831,0.496435,0.0303873,0.444545,0.0240558
636,2,75,30.8284,12.6719,0.0659053,0.000616625,0.0639991,0.000631134,0.0638149,0.000966031,0.0626552,0.000535915,0.482562,0.0204011,0.469009,0.0090378
637,2,88,46.8284,24.9193,0.063235,0.00290017,0.0668401,0.00162762,0.0566859,0.00392707,0.0648052,0.00160974,0.450847,0.0261698,0.48188,0.00426672
638,2,985,172.669,30.2686,0.111491,0.0076595,0.113604,0.0080224,0.114472,0.00787661,0.106497,0.00732635,0.482986,0.0316454,0.472726,0.00947436
639,2,1707,203.74,24.3175,0.0801761,0.0272225,0.0855375,0.0240867,0.0675986,0.018851,0.0735897,0.0198597,0.492255,0.0300555,0.451796,0.0154666
640,2,658,149.841,34.1219,0.0907566,0.00398571,0.0920607,0.0051168,0.093941,0.0061713,0.086516,0.00551481,0.489463,0.0265939,0.473959,0.0057949
641,2,2112,198.125,18.5859,0.0797049,0.00714166,0.0823494,0.00684047,0.0831812,0.00632022,0.0779454,0.00576853,0.495573,0.0314513,0.431034,0.034728
642,2,273,68.6274,17.2517,0.0699424,0.00128156,0.0685026,0.000973207,0.0672386,0.00119268,0.061457,0.000905917,0.46987,0.0206105,0.472082,0.00766421
643,2,893,123.841,17.1741,0.0686029,0.00195599,0.0661426,0.00217793,0.0663817,0.00221319,0.0614421,0.00273276,0.436844,0.0312084,0.461805,0.0148516
644,2,16921,1201.47,85.31,0.0733783,0.0215331,0.0793818,0.0191655,0.0639808,0.0147113,0.0710567,0.0146379,0.502186,0.0334219,0.423654,0.0264623
645,2,1558,213.539,29.2676,0.165284,0.0156263,0.161099,0.0170795,0.152005,0.0203358,0.147891,0.0176422,0.484654,0.0262435,0.47688,0.0104181
646,2,96,47.4142,23.4178,0.0651653,0.000598034,0.0631599,0.00104732,0.0624447,0.000908759,0.0617245,0.00102493,0.391789,0.0354485,0.447565,0.0119342
647,2,117,41.0711,14.4174,0.0941705,0.00174021,0.0959851,0.00265859,0.0954749,0.00392364,0.0888937,0.00329617,0.485738,0.0291392,0.469392,0.00961951
648,2,405,132.527,43.3664,0.0643599,0.000755075,0.0650069,0.000851069,0.0590539,0.00114079,0.0636501,0.000744492,0.493585,0.0309408,0.452486,0.0123661
649,2,426,106.042,26.3963,0.07344,0.00247862,0.0708988,0.0030564,0.0703082,0.003597,0.0666982,0.00307645,0.296088,0.0288316,0.422345,0.00882359
650,2,454,93.799,19.3794,0.0676446,0.00115384,0.0675591,0.00110157,0.0619042,0.0013841,0.0659662,0.000980244,0.497452,0.0277613,0.436674,0.0233331
651,2,623,145.355,33.9136,0.104506,0.0116073,0.102194,0.0116955,0.0982947,0.0131459,0.0976358,0.0108608,0.470097,0.0349968,0.464275,0.0194372
652,2,300,69.799,16.2397,0.0821962,0.00509918,0.0724127,0.00809445,0.0575924,0.00639086,0.0676725,0.00717987,0.488497,0.0227402,0.432658,0.0205004
653,2,142,48.4853,16.5551,0.163163,0.00263712,0.171499,0.0026458,0.182389,0.00735066,0.166747,0.00351586,0.487711,0.0266115,0.486249,0.00258747
654,2,1748,348.468,69.4679,0.071086,0.00594062,0.0731152,0.00488119,0.059512,0.00617397,0.0677824,0.00576335,0.48083,0.0357328,0.419839,0.0380808
655,2,73,31.0711,13.2248,0.151108,0.00729046,0.155204,0.00575165,0.158358,0.00519166,0.148488,0.00610464,0.313672,0.0161559,0.435857,0.00337806
656,2,175,88.7279,44.9865,0.0826578,0.0125638,0.0832217,0.00970111,0.0656994,0.00735143,0.0786258,0.00973663,0.494028,0.0266863,0.455753,0.0235136
657,2,104,53.0711,27.0821,0.118707,0.0108287,0.110089,0.0112788,0.0863557,0.00571212,0.105237,0.00969926,0.497134,0.0240407,0.382861,0.0124874
658,2,153,69.6569,31.7129,0.125724,0.0104412,0.114905,0.0149796,0.0883146,0.0108399,0.106771,0.015151,0.494066,0.0316691,0.448022,0.0190215
659,2,185,63.8995,22.0711,0.0599442,0.00131618,0.0604559,0.00102757,0.0481389,0.000956033,0.0586568,0.00153358,0.473937,0.0358202,0.32469,0.00698058
660,2,138,71.6569,37.208,0.0756674,0.0259091,0.0789221,0.0254522,0.0637609,0.0221615,0.0762429,0.0226871,0.485394,0.0269057,0.4481,0.0184232
661,2,12224,1332.06,145.155,0.0766404,0.021492,0.0794695,0.0182513,0.0626785,0.0146462,0.0742529,0.0164396,0.497196,0.0314346,0.4063,0.0339988
662,2,148,59.3137,23.7711,0.0624211,0.00125388,0.057996,0.00118621,0.0552414,0.00152795,0.0559674,0.00123178,0.421012,0.0519476,0.466947,0.0131229
663,2,472,106.87,24.1975,0.07402,0.0306334,0.0709418,0.0331657,0.0691138,0.034308,0.0669969,0.0331002,0.485585,0.0337203,0.470511,0.00874871
664,2,70,33.4142,15.9501,0.163593,0.00191416,0.164641,0.00134323,0.16693,0.00271727,0.156112,0.00137944,0.291989,0.0303958,0.421332,0.00536128
665,2,2661,300.426,33.9181,0.0581303,0.0146061,0.0576239,0.0143555,0.0479422,0.0154486,0.0526102,0.0159299,0.494813,0.0360059,0.376385,0.0362985
666,2,94,36.4853,14.1614,0.0608808,0.00051984,0.0587362,0.000571086,0.0581618,0.000852112,0.0543075,0.00046197,0.4466,0.017583,0.481383,0.0042604
667,2,1298,255.397,50.2524,0.0775874,0.0111029,0.0779223,0.0122583,0.0771787,0.0134024,0.0753449,0.0116159,0.487269,0.0345956,0.467221,0.00874502
668,2,3352,341.782,34.8493,0.152619,0.0156881,0.153422,0.0166156,0.152927,0.0173727,0.149109,0.0160176,0.491986,0.0433568,0.439963,0.0326938
669,2,721,120.627,20.1817,0.0984633,0.00509343,0.0948221,0.00614553,0.0893719,0.00636185,0.0913541,0.00550202,0.50046,0.0269797,0.456798,0.0115262
670,2,589,135.456,31.1516,0.0987071,0.0106893,0.0939313,0.0120789,0.0847064,0.0140255,0.0889349,0.0113662,0.500802,0.0329882,0.456362,0.0176569
671,2,462,94.8701,19.4812,0.0610135,0.00232691,0.0621852,0.00238477,0.0482279,0.00145259,0.0589116,0.00161424,0.481309,0.0261902,0.440242,0.0244201
672,2,71,30.8284,13.3858,0.0767332,0.00108449,0.0678091,0.00318141,0.0541384,0.0031828,0.0658468,0.00269345,0.498536,0.0331055,0.437667,0.0149243
673,2,213,61.0711,17.5102,0.153771,0.00867474,0.146013,0.00958728,0.136844,0.00793311,0.138861,0.00778365,0.493805,0.0283039,0.481823,0.0042821
674,2,82,32.4853,12.8694,0.0611934,0.00219919,0.0626572,0.00165166,0.0479009,0.00106575,0.060104,0.00185724,0.464802,0.0331583,0.463991,0.00797063
675,2,1077,241.154,53.9976,0.0583519,0.00415203,0.0590253,0.00428161,0.0466634,0.00270039,0.0564351,0.00325243,0.501735,0.0360422,0.440551,0.0178628
676,2,64,28.8284,12.9856,0.0772879,0.000844536,0.0757438,0.000879146,0.0766281,0.00110435,0.0720186,0.000889184,0.296446,0.0178867,0.428421,0.00723782
677,2,1381,152.184,16.7704,0.116915,0.0255232,0.101019,0.0243342,0.0839442,0.022238,0.0938853,0.021381,0.491996,0.0365755,0.456025,0.0181739
678,2,280,76.6274,20.9706,0.0514312,0.000826796,0.0525122,0.000817289,0.0420798,0.000872487,0.0497122,0.00329082,0.494636,0.0215254,0.468847,0.00450674
679,2,2085,304.225,44.39,0.0537678,0.00120263,0.0543999,0.00137435,0.0443708,0.00116143,0.0523885,0.00191174,0.492404,0.0296035,0.404274,0.0223537
680,2,1840,265.154,38.2102,0.0553086,0.00265202,0.0556265,0.00229997,0.0456317,0.00225819,0.0515048,0.00392801,0.488832,0.0297313,0.435253,0.0191858
681,2,6526,683.546,71.596,0.0593896,0.00437945,0.0613029,0.00381842,0.0479744,0.00292331,0.0571237,0.00419751,0.503085,0.0299405,0.34367,0.0213901
682,2,7477,937.831,117.631,0.0613377,0.003125,0.0633061,0.00262669,0.0494861,0.00211622,0.0600581,0.00338898,0.500917,0.036582,0.366441,0.0663753
683,2,65,29.6569,13.5312,0.148438,0.00540713,0.15312,0.00409675,0.158985,0.00432375,0.14923,0.00343087,0.286818,0.0136694,0.414449,0.0118685
684,2,1166,213.196,38.9816,0.0625619,0.00586523,0.0628927,0.00342782,0.0474439,0.00142967,0.0598304,0.00267639,0.502116,0.0312407,0.299818,0.0204479
685,2,10141,823.605,66.8894,0.070592,0.00780156,0.0748079,0.00625312,0.0589658,0.00423909,0.0700844,0.00570692,0.491896,0.0384995,0.40887,0.0413737
686,2,1664,246.468,36.5063,0.0721341,0.00676491,0.072128,0.00635488,0.0712378,0.00597028,0.0692086,0.0061322,0.258204,0.02414,0.401848,0.0142322
687,2,2295,310.61,42.0386,0.0572854,0.00198803,0.0582729,0.00167483,0.0467585,0.00104499,0.0563178,0.00167337,0.498398,0.0280725,0.40151,0.0436287
688,2,1155,270.711,63.4496,0.0614715,0.00363568,0.0605491,0.00227807,0.0482981,0.00157265,0.0585161,0.00379521,0.494063,0.0283756,0.415918,0.034221
689,2,50,30.8284,19.0078,0.0672258,0.00158268,0.0650746,0.00113663,0.0514731,0.00131786,0.0636455,0.00134674,0.495059,0.0152197,0.421892,0.00591516
690,2,52,25.4142,12.4208,0.0653855,0.00167141,0.063638,0.00115116,0.049518,0.000765475,0.0619854,0.00136496,0.486199,0.0196604,0.443867,0.00923197
691,2,133,67.6569,34.4169,0.066006,0.00174272,0.0660424,0.00205584,0.0636429,0.00238079,0.0648719,0.00179634,0.273036,0.0257563,0.405151,0.0180849
692,2,86,38.8284,17.5308,0.0694511,0.00113245,0.0695082,0.00115414,0.0670705,0.0015612,0.068236,0.00113861,0.271728,0.0263465,0.413262,0.00323558
693,2,219,79.3137,28.7245,0.0678704,0.00222227,0.0678343,0.0020459,0.0667496,0.00205391,0.065844,0.00214848,0.286615,0.0114266,0.428668,0.00371029
694,2,1866,229.882,28.3204,0.0668756,0.00128768,0.0670244,0.00135997,0.0629715,0.00153994,0.0613402,0.00139968,0.48862,0.034767,0.454426,0.019947
695,2,22220,1052.23,49.8287,0.0676939,0.00290037,0.0687816,0.00254385,0.0549774,0.00155884,0.0653609,0.00246,0.489854,0.0315736,0.343222,0.0552388
696,2,34886,2654.56,201.992,0.072393,0.00689995,0.0759661,0.00627404,0.0614095,0.00516882,0.0718945,0.00595638,0.487053,0.0358569,0.382356,0.0632966
697,2,70,28.8284,11.8725,0.0651833,0.00079004,0.0645173,0.000812636,0.0595245,0.00105857,0.059744,0.000732047,0.483137,0.0256693,0.470367,0.00574386
698,2,1070,220.77,45.5506,0.0715068,0.00475038,0.0702927,0.00420262,0.0568552,0.00610512,0.0683145,0.00380516,0.492751,0.0672825,0.318193,0.0453821
699,2,320,85.3137,22.7451,0.0642327,0.00222769,0.0636636,0.002051,0.0521845,0.00148977,0.0621401,0.00236772,0.508664,0.0283009,0.367631,0.00624511
700,2,77,40.8284,21.6488,0.0654327,0.00141359,0.0653499,0.00108161,0.053041,0.000990431,0.0638505,0.00148039,0.488923,0.016156,0.381625,0.0589504
701,2,229,65.8995,18.9639,0.0744154,0.00218193,0.0749406,0.002428,0.0727905,0.00220546,0.0727466,0.00224576,0.23788,0.025316,0.405287,0.00618574
702,2,316,79.8995,20.2023,0.0799859,0.00545804,0.0771093,0.00305589,0.0586727,0.00207552,0.0712829,0.00490006,0.495805,0.0415603,0.419026,0.00993299
703,2,462,118.284,30.2839,0.069275,0.00497773,0.0695502,0.00491097,0.0684762,0.0048057,0.0665098,0.00573714,0.249028,0.0196634,0.39059,0.0157674
704,2,202,86.4853,37.0282,0.0747442,0.00452104,0.0735907,0.00334752,0.0689943,0.00519249,0.0714979,0.00363927,0.299398,0.0558531,0.428653,0.0202914
705,2,345,110.385,35.3183,0.0772001,0.00961619,0.0689149,0.0103571,0.0506532,0.00750889,0.065413,0.00869655,0.483592,0.0266481,0.456385,0.0128177
706,2,924,126.527,17.3258,0.0790238,0.00607748,0.0752527,0.00552127,0.0733,0.00524661,0.0709889,0.00449225,0.287386,0.0249573,0.408762,0.0174246
707,2,484,126.042,32.8233,0.0638603,0.00283638,0.0630306,0.00348882,0.05697,0.0010611,0.0613088,0.00321814,0.477524,0.035793,0.441074,0.0227922
708,2,1951,217.355,24.2149,0.0689786,0.00428813,0.0682703,0.00451327,0.0670443,0.00439821,0.0649275,0.00362852,0.211371,0.0264899,0.377845,0.0157537
709,2,60,28.8284,13.8513,0.0890175,0.000811107,0.0876642,0.00093199,0.0879536,0.000962275,0.0830205,0.000976575,0.304967,0.0108197,0.437725,0.00479232
710,2,514,126.385,31.0761,0.0685189,0.00502454,0.0732279,0.0046309,0.0589575,0.00434682,0.0701562,0.00433474,0.49527,0.0335142,0.349472,0.0187857
711,2,2311,208.225,18.7615,0.0635832,0.000980003,0.0612352,0.000969405,0.0605611,0.00107205,0.0582063,0.00104312,0.295324,0.0234941,0.40542,0.019738
712,2,2195,266.853,32.4421,0.129816,0.0174807,0.1279,0.0168573,0.127777,0.0161638,0.121801,0.0184746,0.270009,0.0241814,0.390476,0.021266
713,2,4437,481.037,52.1515,0.109363,0.0197579,0.107831,0.0192843,0.1082,0.0187247,0.102001,0.0206361,0.271056,0.0254742,0.396524,0.0213331
714,2,112,39.0711,13.6299,0.0921804,0.00378284,0.0882026,0.00433505,0.0845201,0.00341645,0.0839615,0.00351174,0.294818,0.0154944,0.423866,0.0076605
715,2,123,68.8284,38.5151,0.0689186,0.0101511,0.0689086,0.0111055,0.0642331,0.0116682,0.0674544,0.0106304,0.323322,0.0866335,0.400242,0.033046
716,2,89,44.8284,22.5796,0.0632374,0.00133764,0.063567,0.00352132,0.057155,0.00186041,0.0621592,0.00336435,0.348887,0.0879024,0.386122,0.0508921
717,2,2.54719e+06,43238,733.957,0.0687378,0.00781121,0.0678922,0.00871981,0.0627003,0.0074974,0.0648111,0.00841337,0.488857,0.0439419,0.325082,0.069699
718,2,345,92.3848,24.739,0.0879272,0.00642088,0.0885179,0.00631936,0.0863372,0.00543253,0.0861436,0.00633235,0.241273,0.0226806,0.348786,0.0113952
719,2,269,122.627,55.9014,0.0878871,0.00177128,0.0856726,0.0018043,0.0856791,0.00199705,0.0796435,0.00158189,0.296232,0.0257863,0.425751,0.00628796
720,2,1201,179.255,26.7546,0.115934,0.00376867,0.115252,0.00324985,0.116382,0.00292824,0.110158,0.00272825,0.289641,0.0269574,0.405135,0.0209355
721,2,915,171.941,32.3101,0.121595,0.0154069,0.121494,0.0146702,0.123816,0.0135452,0.114448,0.0166946,0.28114,0.0261338,0.415566,0.0109492
722,2,435,107.799,26.7141,0.145905,0.0142039,0.144584,0.0132998,0.14564,0.0109996,0.139935,0.0141409,0.282795,0.0257707,0.413793,0.0119719
723,2,1175,172.083,25.2023,0.103526,0.0040507,0.10347,0.00417379,0.104536,0.00454903,0.0973411,0.00439193,0.262572,0.023205,0.399534,0.0139768
724,2,216,59.3137,16.2876,0.129852,0.0156151,0.130504,0.0136863,0.133576,0.0127401,0.126284,0.0152092,0.276452,0.0200956,0.374281,0.00609135
725,2,3584,478.51,63.8871,0.0882315,0.0123942,0.0885161,0.012892,0.0901667,0.0137956,0.0853813,0.0115676,0.295051,0.0338047,0.41318,0.0171689
726,2,689,130.284,24.6357,0.0759829,0.0029602,0.0756015,0.00288774,0.0735502,0.00294201,0.0732294,0.00298967,0.245209,0.018747,0.403699,0.00728097
727,2,16795,1418.48,119.803,0.132553,0.0227972,0.133098,0.0213952,0.134957,0.0201754,0.125263,0.022966,0.262869,0.0265301,0.380608,0.0264436
728,2,1203,148.77,18.3977,0.134336,0.00414417,0.133954,0.00510158,0.134681,0.00639121,0.126839,0.00540939,0.29432,0.0264259,0.408764,0.0185699
729,2,486,104.971,22.6725,0.0629341,0.000895661,0.061039,0.000908019,0.0600392,0.000923472,0.0596882,0.00104224,0.285322,0.0279724,0.400692,0.0225111
730,2,178,52.7279,15.6193,0.060289,0.000713646,0.0612802,0.001238,0.0561238,0.00127313,0.0596019,0.000758671,0.481538,0.0247452,0.368547,0.0175007
731,2,3932,462.894,54.4942,0.119454,0.0136842,0.120008,0.0135509,0.121643,0.0132458,0.114056,0.0141624,0.269426,0.0336154,0.400822,0.016954
732,2,248,88.1421,31.3268,0.0865641,0.0145752,0.0859115,0.0138302,0.0843181,0.0147271,0.0832733,0.0123907,0.270272,0.0800228,0.378406,0.0229092
733,2,127,43.3137,14.7723,0.09084,0.00490211,0.0906584,0.00465411,0.0882933,0.00473479,0.0870592,0.00563723,0.255797,0.0267933,0.383911,0.0169883
734,2,2542,309.539,37.6925,0.0982847,0.0140762,0.0981712,0.0127484,0.0980374,0.0118621,0.0911967,0.013871,0.247735,0.0225844,0.384986,0.0210111
735,2,4168,542.208,70.535,0.0961986,0.0117105,0.0944749,0.0127148,0.0920878,0.0138049,0.0909869,0.0124251,0.283746,0.0266217,0.393695,0.033948
736,2,301,102.627,34.9913,0.0965332,0.0152657,0.0956935,0.0148332,0.0935476,0.0146561,0.0926806,0.0145387,0.271565,0.0753971,0.363361,0.0285819
737,2,9847,977.203,96.9763,0.0756609,0.00393381,0.0742158,0.00401577,0.0722662,0.00423154,0.0717938,0.00370802,0.240546,0.0254825,0.367555,0.0306938
738,2,857,142.77,23.7843,0.120621,0.0206469,0.120444,0.0190905,0.120597,0.0178368,0.114089,0.0210314,0.278065,0.0240665,0.397647,0.0133033
739,2,742,152.527,31.3537,0.100714,0.0205142,0.100944,0.0187733,0.101358,0.0176335,0.092453,0.0192653,0.242212,0.0255747,0.389807,0.0163078
740,2,50,25.4142,12.9176,0.0781975,0.0020863,0.0788497,0.00120245,0.0774788,0.00172121,0.0774253,0.00109402,0.297882,0.0277292,0.400135,0.00389086
741,2,65,28.4853,12.4832,0.133242,0.0198089,0.13174,0.0175151,0.129585,0.0159292,0.126772,0.019223,0.246878,0.0129504,0.394075,0.00357685
742,2,1175,175.598,26.2423,0.0935571,0.0124457,0.0933718,0.0118578,0.0929893,0.0117394,0.0894168,0.0124851,0.270772,0.0307124,0.39475,0.0204912
743,2,1798,271.497,40.996,0.0830794,0.00999338,0.0818712,0.00982242,0.0838241,0.00958916,0.0772659,0.00984896,0.290316,0.0268998,0.420133,0.0130012
744,2,289,84.9706,24.9827,0.0809104,0.00186656,0.0847594,0.00157664,0.0729702,0.00164658,0.0824341,0.00178051,0.488636,0.029548,0.434279,0.0138221
745,2,494,207.113,86.8333,0.0898533,0.0209189,0.091686,0.0202493,0.0791987,0.0235576,0.0892681,0.0187344,0.452695,0.0638194,0.430449,0.0272966
746,2,2398,426.61,75.895,0.0921106,0.00911574,0.0918496,0.00923807,0.0903901,0.0101234,0.0888584,0.00859644,0.239247,0.0492969,0.34336,0.0382618
747,2,340,152.728,68.6053,0.0889588,0.0110795,0.087516,0.0101896,0.0848485,0.0144972,0.0831404,0.00842135,0.343656,0.0967848,0.410334,0.0510217
748,2,850,197.456,45.8692,0.0802406,0.00737228,0.0793286,0.00758187,0.0774114,0.00812531,0.0771003,0.00756852,0.206473,0.0309227,0.32275,0.0288587
749,2,410,100.971,24.866,0.156706,0.0201174,0.156756,0.0191263,0.157588,0.0178007,0.150462,0.0210049,0.264017,0.021251,0.374852,0.0147668
750,2,1323,184.426,25.7091,0.0963239,0.0125189,0.0969736,0.0121486,0.097828,0.0116331,0.0851474,0.0128601,0.217213,0.0249686,0.379757,0.013558
751,2,110,39.6569,14.297,0.170111,0.0107848,0.169397,0.0104662,0.170142,0.0099025,0.164043,0.0113935,0.268342,0.0209084,0.369042,0.00675564
752,2,115,45.0711,17.6644,0.0875803,0.0018013,0.0895809,0.001357,0.0927788,0.00153394,0.0797339,0.00174191,0.226326,0.0158286,0.401058,0.00358546
753,2,61,30.8284,15.5802,0.0780228,0.00129264,0.0711293,0.00266045,0.0631827,0.00174271,0.068311,0.00252656,0.272067,0.0204347,0.397984,0.00799516
754,2,51,24.2426,11.5236,0.141645,0.0207065,0.143188,0.0201669,0.145124,0.0188339,0.13489,0.0222338,0.262361,0.0241524,0.405935,0.0094465
755,2,3996,430.995,46.4856,0.102243,0.0278018,0.102517,0.0275838,0.102056,0.0276448,0.0984888,0.0277284,0.267636,0.0257222,0.343967,0.0315324
756,2,45175,2773.28,170.251,0.103551,0.0195221,0.10346,0.0196909,0.10412,0.020426,0.0985716,0.0192243,0.25825,0.0267103,0.346277,0.0501965
757,2,1669,196.569,23.1511,0.0788835,0.00511416,0.0758546,0.00503445,0.0747994,0.00512761,0.0728227,0.00515213,0.287238,0.029951,0.402563,0.0236449
758,2,50,24.8284,12.329,0.0865362,0.00133159,0.0827521,0.00249366,0.0767383,0.00373636,0.0812888,0.0027116,0.270039,0.0286786,0.401892,0.00802206
759,2,108,49.8995,23.0552,0.140235,0.0187978,0.138967,0.0164163,0.140323,0.0139097,0.133717,0.0169595,0.289906,0.0222843,0.418919,0.0106834
760,2,94,47.6569,24.1614,0.0684951,0.00107337,0.0667929,0.00100466,0.0634257,0.00116251,0.0651909,0.00107077,0.20705,0.0122228,0.36199,0.0228706
761,2,102179,3654.95,130.738,0.0925229,0.0165613,0.0916116,0.0171343,0.0913136,0.0177538,0.086144,0.0166863,0.222697,0.0271784,0.340397,0.0421088
762,2,119,48.4853,19.7548,0.0852315,0.00207078,0.0845684,0.00228273,0.0835379,0.00197684,0.0800769,0.00215988,0.245279,0.0272679,0.404043,0.0067043
763,2,84,44.8284,23.9237,0.112108,0.024558,0.10874,0.0250334,0.105908,0.0250357,0.104963,0.0255904,0.265873,0.0342077,0.394385,0.0249303
764,2,1649,190.669,22.0465,0.102676,0.0125963,0.102452,0.0120887,0.101778,0.0115922,0.0954899,0.0132083,0.214264,0.0230839,0.369868,0.0176444
765,2,224,100.971,45.5136,0.0787039,0.00451298,0.0779184,0.00443039,0.0777162,0.00338767,0.0747523,0.0048103,0.266124,0.0222713,0.406371,0.0223706
766,2,128,68.8284,37.0106,0.0690152,0.00467347,0.067303,0.00549782,0.0628535,0.00764688,0.0659935,0.0054448,0.40193,0.104716,0.342958,0.0234327
767,2,2618,268.51,27.5391,0.101486,0.0178164,0.0985154,0.0189568,0.09476,0.0177454,0.0903316,0.0183684,0.211028,0.0231018,0.345307,0.0274765
768,2,114,60.8284,32.457,0.06284,0.00115648,0.0611518,0.00110273,0.0555508,0.00195527,0.0600805,0.00102068,0.476883,0.0317131,0.424016,0.00673072
769,2,15319,1264.4,104.361,0.0970482,0.0208802,0.0964414,0.0207614,0.0963768,0.020648,0.0907208,0.0205631,0.227856,0.0253094,0.345986,0.0445299
770,2,105,59.4142,33.6195,0.0908121,0.0307065,0.0869719,0.0289906,0.0820133,0.0296769,0.0832773,0.0262459,0.399514,0.115817,0.407143,0.0196279
771,2,362,94.9706,24.9155,0.114744,0.00663889,0.113889,0.00605429,0.109171,0.00593454,0.10788,0.00577376,0.264446,0.0185535,0.406451,0.00961691
772,2,457,154.728,52.3867,0.0683552,0.0168567,0.0655639,0.0170535,0.0590785,0.0168288,0.0636303,0.0150223,0.47481,0.0589502,0.424256,0.0219521
773,2,359,144.385,58.0695,0.0949479,0.0125512,0.0956062,0.0135861,0.0938186,0.015339,0.0923446,0.0128383,0.293812,0.083024,0.39878,0.025988
774,2,311,166.485,89.1233,0.0649562,0.00785865,0.06282,0.0084202,0.0572062,0.00972389,0.0616039,0.00809158,0.474056,0.0691293,0.395281,0.0282272
775,2,154,74.4853,36.0263,0.0911857,0.0147394,0.0927433,0.0169324,0.0932101,0.0203805,0.0898969,0.0159195,0.265648,0.11376,0.342357,0.0356126
776,2,242,125.899,65.4987,0.0703849,0.00777611,0.0688883,0.00900077,0.0648626,0.0108589,0.06723,0.00859188,0.429444,0.0727947,0.437402,0.0409366
777,2,93,48.8284,25.6367,0.0763393,0.0046975,0.0760729,0.00456772,0.0733058,0.00452205,0.074765,0.00452968,0.492178,0.0182731,0.379178,0.00418625
778,2,87,45.4142,23.7063,0.0794832,0.00801009,0.0784882,0.00898413,0.073819,0.00866463,0.0764038,0.00869047,0.511472,0.028451,0.324402,0.0442002
779,2,141,74.4853,39.3479,0.0686286,0.00448842,0.0662146,0.00493622,0.0625348,0.00558265,0.0650189,0.00474591,0.409734,0.108764,0.396109,0.0296606
780,2,302,104.971,36.4862,0.076737,0.00600419,0.0751199,0.00565287,0.0697585,0.00603749,0.0732203,0.00533095,0.479016,0.037366,0.406703,0.0180151
781,2,267,88.1421,29.0975,0.0857424,0.00141257,0.0845112,0.00176058,0.0805717,0.00165006,0.0829576,0.00171825,0.488698,0.0399051,0.395738,0.0111376
782,2,168,64.4853,24.7521,0.0702748,0.00101436,0.0679255,0.000977429,0.0639742,0.00109462,0.066805,0.00098276,0.468511,0.0364072,0.38425,0.00812818
783,2,188,61.0711,19.8387,0.0624594,0.00118431,0.0601545,0.00126827,0.0553669,0.00148249,0.0590816,0.00136284,0.456383,0.0367566,0.435703,0.0151323
784,2,100,51.6569,26.6843,0.0627019,0.000995412,0.0614166,0.00101768,0.0544101,0.000897777,0.0601793,0.00100177,0.456667,0.0387715,0.463041,0.00535917
785,2,295,113.657,43.7894,0.0629531,0.00546766,0.0615419,0.00575171,0.0555055,0.00811331,0.0601961,0.0056144,0.442792,0.0965531,0.440884,0.0365908
786,2,160,89.8995,50.512,0.0871109,0.00322424,0.086053,0.00309203,0.082581,0.00285421,0.0844826,0.00299775,0.477034,0.025146,0.391343,0.0135761
787,2,267,74.4853,20.7792,0.0832783,0.00121466,0.0814516,0.00142406,0.0771666,0.00121114,0.0797727,0.00133473,0.523419,0.0472412,0.401609,0.00560496
788,2,60,26.8284,11.9961,0.0862191,0.00338743,0.0867765,0.00129975,0.0587368,0.00100717,0.0736763,0.00409461,0.473072,0.0214431,0.225563,0.00617934
789,2,125,45.6569,16.6764,0.0719069,0.00204907,0.0709183,0.00249237,0.0594498,0.00264489,0.0696882,0.0025704,0.497286,0.0205705,0.344,0.00191415
790,2,288,97.2132,32.8139,0.138963,0.00921933,0.133948,0.0114306,0.124296,0.0151224,0.120568,0.0138519,0.219798,0.014206,0.389124,0.00559749
791,2,73,32.2426,14.2409,0.063913,0.00116843,0.0614517,0.00172813,0.0525912,0.00154116,0.0598013,0.00150218,0.482246,0.0208924,0.429285,0.0149664
792,2,156,83.4142,44.6021,0.0701451,0.00558582,0.0681316,0.00583449,0.0652623,0.00580498,0.0669459,0.00586387,0.341176,0.104123,0.397219,0.0317935
793,2,859,174.284,35.3609,0.153668,0.0240599,0.149983,0.0264307,0.141581,0.0259185,0.138722,0.025445,0.230008,0.0253656,0.371181,0.0216636
794,2,4828,514.652,54.8605,0.0699557,0.00197169,0.0678514,0.00209677,0.0669306,0.00262549,0.0649026,0.00143556,0.271168,0.0267691,0.377327,0.0373671
795,2,120,51.6569,22.2369,0.11718,0.0260744,0.117458,0.0274764,0.106118,0.0237572,0.108011,0.024049,0.251536,0.028253,0.394538,0.00495719
796,2,561,130.87,30.5294,0.0774323,0.00348493,0.074735,0.00380305,0.0714776,0.00371542,0.0727982,0.00354885,0.268072,0.0208386,0.395854,0.0187717
797,2,754,172.527,39.4768,0.0961458,0.0111476,0.0945455,0.0104475,0.0941258,0.010121,0.0895684,0.0115387,0.216331,0.0240717,0.389885,0.00603467
798,2,78,40.8284,21.3713,0.0876538,0.000937229,0.0870311,0.00102942,0.0836355,0.0011406,0.0855004,0.00108503,0.489492,0.0414199,0.317568,0
799,2,70,36.8284,19.3762,0.0621126,0.0012257,0.0611648,0.00132733,0.0531114,0.00155016,0.0597921,0.00129143,0.514734,0.0197495,0.343243,0.0256045
800,2,109,58.2426,31.1211,0.0870467,0.0130636,0.0860404,0.0149097,0.0816462,0.0150439,0.0844178,0.0145339,0.254974,0.0232154,0.339512,0.021526
801,2,59,27.6569,12.9644,0.0843325,0.00359834,0.0839351,0.00325654,0.0849654,0.00268631,0.0781253,0.00349784,0.244732,0.0136444,0.40678,0.00478255
802,2,204,59.8995,17.588,0.0707333,0.000924114,0.0682192,0.000776191,0.063588,0.00101776,0.0668033,0.000765836,0.488504,0.0252062,0.289713,0.00579264
803,2,608,143.113,33.6863,0.172655,0.0187991,0.178101,0.0171412,0.178861,0.017289,0.172987,0.0173116,0.232018,0.0214897,0.235075,0.0461405
804,2,178,54.9706,16.9762,0.114909,0.0161659,0.113482,0.014644,0.116112,0.0131794,0.104782,0.0159948,0.216656,0.0197595,0.380732,0.0132491
805,2,211886,8852.53,369.856,0.110403,0.0327138,0.110759,0.0327438,0.111339,0.0331751,0.103933,0.0321076,0.231867,0.0317228,0.305724,0.0594959
806,2,3945,400.368,40.6322,0.0777439,0.00342563,0.0765647,0.00348396,0.0763164,0.00387696,0.0734803,0.00320969,0.26469,0.0287284,0.396497,0.0172108
807,2,158,76.4853,37.0253,0.0688824,0.0182799,0.0671242,0.0169071,0.0627873,0.016699,0.0654878,0.015917,0.437404,0.115592,0.403011,0.0363869
808,2,4741,308.61,20.0886,0.0755273,0.00318946,0.0735149,0.00285895,0.07343,0.0025219,0.0680182,0.00249152,0.269593,0.031229,0.375128,0.0306779
809,2,170,92.2426,50.0512,0.0697598,0.00922656,0.069054,0.00977365,0.0629466,0.0110012,0.0678815,0.00965288,0.495456,0.0233252,0.360135,0.0669962
810,2,3838,522.551,71.1464,0.0892463,0.0092764,0.0896274,0.00886989,0.0902419,0.00835467,0.0841933,0.00853297,0.217878,0.0280072,0.378313,0.0206927
811,2,217,113.657,59.5294,0.0693853,0.00675336,0.0674914,0.00687308,0.0644748,0.00728167,0.0655168,0.00665134,0.321731,0.108443,0.340516,0.0753433
812,2,116,56.4853,27.5051,0.0671912,0.00220113,0.0645172,0.00277971,0.0616399,0.00275405,0.0629743,0.00278949,0.233333,0.0370551,0.301782,0.00692611
813,2,136,49.8995,18.3085,0.123997,0.0151215,0.12558,0.0110062,0.13129,0.0075723,0.116513,0.0108738,0.21658,0.0198085,0.388116,0.0125278
814,2,195,112.728,65.1671,0.0753729,0.00277205,0.0734619,0.00250127,0.0685257,0.00225016,0.071995,0.00227787,0.439638,0.0787789,0.351143,0.00779926
815,2,699,176.87,44.754,0.0818495,0.00903848,0.0805278,0.0085284,0.0783623,0.00829058,0.0785408,0.00856413,0.240456,0.0233139,0.30157,0.0190091
816,2,465,166.728,59.7811,0.0750626,0.00543311,0.0734875,0.00535471,0.0736705,0.00775417,0.0691665,0.00419677,0.294666,0.0573693,0.400712,0.0601922
817,2,272,118.971,52.0367,0.0696265,0.00750591,0.0666509,0.00916948,0.0617638,0.00920708,0.065308,0.00903498,0.281373,0.114095,0.268482,0.0343673
818,2,517,205.213,81.4554,0.0845415,0.0106916,0.0823996,0.00986695,0.0794008,0.00891697,0.0801303,0.00982481,0.230986,0.0612763,0.367113,0.0271489
819,2,93,37.6569,15.2477,0.073096,0.00132256,0.0688705,0.00203073,0.0627438,0.00167081,0.0669746,0.00183702,0.221084,0.0303759,0.262278,0.0065686
820,2,1171,179.941,27.6506,0.0762285,0.00166978,0.0745179,0.00177797,0.072703,0.00186649,0.072404,0.00138978,0.259105,0.0288958,0.388118,0.023571
821,2,771,125.255,20.3486,0.0585659,0.00482771,0.0564425,0.00513054,0.0533576,0.00534698,0.0530436,0.00548453,0.482236,0.0519377,0.446489,0.0202615
822,2,11978,1248.6,130.155,0.0786942,0.0155016,0.0774069,0.014761,0.0752115,0.0140184,0.0745675,0.0144656,0.218067,0.0273481,0.339416,0.0324703
823,2,132,72.2426,39.5379,0.0799306,0.00452762,0.0783145,0.00442106,0.073679,0.00305373,0.0768248,0.00442257,0.441176,0.120533,0.385289,0.0819486
824,2,157,77.3137,38.0727,0.076398,0.00181614,0.0744791,0.00180117,0.071299,0.00208606,0.0724554,0.00171584,0.219383,0.0161796,0.384404,0.00667359
825,2,140,68,33.0286,0.0816468,0.00914476,0.0801018,0.00833775,0.0742227,0.00928563,0.0786316,0.00819078,0.462185,0.0336223,0.37862,0.0465846
826,2,100,48.2426,23.2735,0.0762844,0.00276679,0.0748245,0.00204903,0.0713532,0.00168151,0.0731027,0.00259223,0.240157,0.0193403,0.294662,0.0886032
827,2,117,53.8995,24.8304,0.097535,0.00121166,0.0973892,0.000855747,0.0942733,0.0012309,0.0960352,0.000919873,0.460064,0.0510529,0.297355,0.00555182
828,2,200,79.8995,31.9196,0.099028,0.00246877,0.0993408,0.002813,0.0954863,0.00277167,0.0973022,0.00279592,0.486,0.0380584,0.28098,0.00520215
829,2,91,38.8284,16.5675,0.102144,0.000834607,0.100811,0.0014464,0.0959608,0.00127169,0.098894,0.00139537,0.498169,0.0203684,0.19951,0.00440522
830,2,874,145.113,24.0935,0.145569,0.013671,0.147587,0.014238,0.150806,0.0145766,0.133711,0.0151611,0.205496,0.0206217,0.365862,0.00849631
831,2,64,44.2426,30.5846,0.101797,0.000899028,0.101819,0.000817236,0.0972616,0.000865205,0.100223,0.000869578,0.47261,0.040866,0.222656,0.00565685
832,2,72,36.8284,18.838,0.0945259,0.000701347,0.0940287,0.000797466,0.0910461,0.00148102,0.0927038,0.00098925,0.511057,0.0340424,0.269426,0.0056236
833,2,51,24.8284,12.0873,0.0853598,0.000749226,0.0840263,0.000852482,0.0794114,0.000824367,0.0827154,0.00072475,0.485582,0.0298325,0.459459,0.00518219
834,2,154,83.6569,45.4446,0.104895,0.0293719,0.104203,0.0294378,0.101775,0.0316726,0.101381,0.0273131,0.345022,0.0845234,0.322131,0.0527263
835,2,271,95.5563,33.6938,0.0997673,0.00191901,0.0999891,0.00187915,0.0955538,0.00173373,0.0980244,0.00174742,0.482237,0.0330341,0.286352,0.00897223
836,2,153,61.0711,24.377,0.104319,0.000967234,0.10368,0.00132572,0.0987852,0.00154912,0.102015,0.00147174,0.481353,0.0327321,0.175367,0.0162107
837,2,95,53.6569,30.3059,0.0762471,0.0174808,0.075166,0.0184156,0.0708463,0.0178033,0.0734903,0.0181682,0.460681,0.0271804,0.423826,0.0471644
838,2,523,162.87,50.7202,0.089966,0.00260676,0.0876438,0.00250807,0.0825617,0.00240045,0.0861006,0.00240417,0.513568,0.0470126,0.348535,0.0197205
839,2,93,35.4142,13.4857,0.0892094,0.00614902,0.0888191,0.00457285,0.0837657,0.00387602,0.0870734,0.00458788,0.244993,0.022587,0.28916,0.00336879
840,2,575,142.385,35.2581,0.0843152,0.00284605,0.0840052,0.00288408,0.0806971,0.00333397,0.0825205,0.0028524,0.266326,0.0649571,0.268273,0.0147327
841,2,69,31.4142,14.3022,0.0828017,0.00175866,0.0843748,0.00075249,0.0816408,0.00143257,0.0824843,0.0008192,0.448764,0.0381292,0.440071,0.00639587
842,2,196,90.4853,41.7734,0.0821885,0.0114871,0.0822766,0.0117722,0.0782283,0.0112248,0.0805556,0.0116138,0.315926,0.0978134,0.356384,0.0478292
843,2,348,126.627,46.0762,0.103235,0.00406595,0.103192,0.00375086,0.0982008,0.00357708,0.101132,0.00364432,0.488021,0.0303428,0.255203,0.0536516
844,2,226,97.3137,41.9025,0.0907364,0.0040821,0.0895169,0.00385062,0.0844807,0.00340327,0.0877901,0.00363186,0.486795,0.022783,0.290092,0.0366518
845,2,1248,232.527,43.3243,0.0922931,0.00454703,0.0890736,0.00432708,0.0824769,0.00364025,0.086996,0.00408925,0.501467,0.0395242,0.32316,0.0302353
846,2,179,78.9706,34.8399,0.0920137,0.00186923,0.0902394,0.00212863,0.0830696,0.00250627,0.0883901,0.00219769,0.493285,0.02768,0.237317,0.00771375
847,2,63,28.8284,13.1917,0.0955768,0.000913455,0.0940878,0.000982445,0.0894229,0.000997181,0.0925272,0.0010478,0.529661,0.0130321,0.26169,0.00616291
848,2,187,107.657,61.9786,0.0900478,0.00544107,0.0887538,0.00592305,0.0836875,0.00620147,0.0872048,0.00579925,0.489064,0.0390606,0.27999,0.0444584
849,2,72,30.2426,12.703,0.0891124,0.00151758,0.0885895,0.00168815,0.0838426,0.00245078,0.087106,0.00197976,0.502451,0.0208223,0.252158,0.00433615
850,2,174,85.0711,41.5925,0.0911599,0.00243703,0.0910714,0.00184641,0.086246,0.00182688,0.0895691,0.00197354,0.442934,0.063535,0.300443,0.00682039
851,2,361,117.456,38.2157,0.0904454,0.00339564,0.0882711,0.00321912,0.0821669,0.00316501,0.0865755,0.00324665,0.492521,0.0293994,0.275661,0.0109853
852,2,136,67.0711,33.0774,0.0956858,0.00125203,0.0925391,0.00185793,0.0856915,0.00159199,0.0911668,0.00164966,0.500346,0.0402136,0.285572,0.0122971
853,2,107,49.6569,23.0449,0.0887113,0.00292087,0.0861975,0.00406041,0.0807814,0.00379864,0.0837946,0.00468483,0.318087,0.10226,0.366444,0.0433046
854,2,576,111.799,21.6997,0.092974,0.00167688,0.0898645,0.00201122,0.0836287,0.00196354,0.0884305,0.0019957,0.445357,0.0525538,0.327058,0.0181424
855,2,54,26.2426,12.7533,0.0935683,0.000966822,0.092441,0.000969086,0.0865901,0.000970135,0.0911525,0.000786377,0.49557,0.0385661,0.318193,0.00195852
856,2,160,71.0711,31.5694,0.0644717,0.00132712,0.0619974,0.00123611,0.0597913,0.00146715,0.0607453,0.00111627,0.234069,0.0200259,0.366681,0.00833446
857,2,414,84.9706,17.4396,0.147423,0.0179525,0.14698,0.0134765,0.151467,0.0106165,0.141095,0.0145608,0.213546,0.0181074,0.314091,0.0167078
858,2,103,58.2426,32.934,0.0652082,0.00359366,0.0628884,0.00490268,0.0593512,0.00445198,0.0615643,0.00495864,0.276261,0.0998937,0.380937,0.0139689
859,2,124,54.4853,23.9407,0.0868966,0.00473869,0.0809371,0.00564725,0.0668646,0.0110883,0.076659,0.00816734,0.455503,0.0337237,0.285636,0.0252135
860,2,127,49.6569,19.4158,0.0717171,0.0016187,0.0705256,0.00128604,0.0675315,0.00102457,0.0687573,0.0010804,0.463023,0.0303771,0.475899,0.00578763
861,2,86,44.8284,23.3673,0.0846479,0.00426872,0.081484,0.00380028,0.0745444,0.00323575,0.0801651,0.00392122,0.537848,0.0417619,0.300283,0.0171988
862,2,134,70.8284,37.4378,0.0919878,0.00288636,0.0890072,0.00289044,0.0835675,0.00318354,0.0875266,0.00280704,0.435499,0.0381696,0.313382,0.0371351
863,2,104,61.0711,35.8623,0.0846485,0.0409503,0.0835146,0.0425018,0.0834622,0.0473941,0.0807594,0.0413777,0.401433,0.116093,0.446076,0.0572025
864,2,92,46.2426,23.2433,0.0698705,0.00182708,0.0673092,0.00313724,0.0625764,0.00475722,0.0661154,0.00293705,0.469011,0.0211741,0.400558,0.0645886
865,2,127,53.6569,22.6697,0.0801032,0.00521875,0.0772274,0.00609467,0.0720454,0.00593349,0.0749024,0.00634711,0.415038,0.0262295,0.437327,0.0833231
866,2,62,29.0711,13.6311,0.0731446,0.00061613,0.0695636,0.000708462,0.0633528,0.00105185,0.0683732,0.000806044,0.501328,0.027794,0.373474,0.00487983
867,2,160,75.8995,36.0046,0.0827056,0.00110584,0.0790471,0.00144597,0.0723901,0.0012686,0.0777023,0.00131836,0.49598,0.0359416,0.403378,0.0071984
868,2,57,27.4142,13.1849,0.0889013,0.00193475,0.0841113,0.00134247,0.0780143,0.00184697,0.0812176,0.00154478,0.232473,0.0101189,0.401612,0.0033528
869,2,172,73.0711,31.0429,0.090306,0.00419205,0.0875121,0.00447929,0.0806287,0.00421478,0.0859958,0.0043386,0.514318,0.0352638,0.32951,0.0104916
870,2,99,46.2426,21.5998,0.0704599,0.00341846,0.0671996,0.00255001,0.0586948,0.00269987,0.0654717,0.00184707,0.533928,0.0228893,0.383634,0.0467585
871,2,4968,453.681,41.4305,0.0736091,0.00467502,0.0733826,0.00453326,0.0725868,0.00435938,0.0710037,0.00455384,0.215999,0.027256,0.314739,0.0484351
872,2,150,67.3137,30.2076,0.0804547,0.00881196,0.0748103,0.00862496,0.0622955,0.00623836,0.0704242,0.00768975,0.268732,0.129411,0.379955,0.0454425
873,2,186,78.4853,33.118,0.115807,0.0319702,0.11241,0.0313322,0.108234,0.0323272,0.107803,0.0302147,0.32452,0.131763,0.323198,0.0469792
874,2,81,38.8284,18.6129,0.089731,0.0011136,0.0866054,0.0010434,0.0788691,0.0011947,0.08485,0.00108386,0.510579,0.0338381,0.252669,0.00873449
875,2,354,109.556,33.9056,0.0726872,0.00823829,0.0697021,0.00914995,0.064658,0.00864939,0.0679081,0.0091719,0.489254,0.0487317,0.447492,0.0591296
876,2,65,28.8284,12.7858,0.0921924,0.00157111,0.0887166,0.00168304,0.0808582,0.00134775,0.0868462,0.00156198,0.514449,0.0289967,0.297297,0
877,2,164,76.4853,35.6707,0.0888615,0.0100274,0.0859457,0.0102293,0.0780779,0.00980318,0.0839572,0.0101151,0.474653,0.0287161,0.245592,0.0753347
878,2,191,103.657,56.2552,0.0814563,0.0284911,0.081307,0.0290209,0.0726834,0.031463,0.0790903,0.0287479,0.36678,0.0929944,0.383331,0.0707125
879,2,418,129.556,40.1551,0.0703626,0.00626092,0.0695076,0.00630628,0.0679599,0.00501014,0.0680707,0.00624833,0.240529,0.0703185,0.341976,0.0339759
880,2,60,29.4142,14.4199,0.0676345,0.000979704,0.0673057,0.000963895,0.0663338,0.00113681,0.0660739,0.00094167,0.202484,0.022686,0.380068,0.00805397
881,2,180,69.0711,26.5045,0.0729015,0.00345218,0.0732429,0.0029902,0.0693121,0.00521571,0.0716069,0.00281794,0.273094,0.107583,0.364264,0.049592
882,2,115,63.4142,34.9684,0.0895177,0.0178971,0.0886529,0.0172291,0.0847413,0.0167494,0.0872796,0.0170293,0.426974,0.124251,0.306639,0.0237024
883,2,209,113.657,61.808,0.116118,0.0378416,0.114144,0.0380184,0.110168,0.0387443,0.111787,0.0370427,0.332545,0.142683,0.362052,0.0604574
884,2,225,111.899,55.6511,0.0794354,0.00278781,0.0771979,0.00260785,0.0719231,0.00291373,0.0757667,0.00251869,0.495338,0.0323531,0.291261,0.0301144
885,2,415,198.142,94.6031,0.0686567,0.0113992,0.0660079,0.01283,0.0612956,0.0127543,0.0645339,0.0127866,0.486539,0.0441616,0.391778,0.093419
886,2,80,43.4142,23.5599,0.0828836,0.0024864,0.0829984,0.0018469,0.0765001,0.00115857,0.0813258,0.00174395,0.464755,0.0555494,0.247973,0.0240649
887,2,287,120.142,50.2931,0.0767443,0.00186234,0.0753017,0.00228786,0.0703112,0.00294384,0.0737522,0.00233486,0.504325,0.0258378,0.301606,0.0391397
888,2,91,36.2426,14.4344,0.0769027,0.00137688,0.0724053,0.00209637,0.0639925,0.00212687,0.0708633,0.00213363,0.336393,0.0187108,0.376299,0.00614978
889,2,321,110.385,37.9589,0.0765179,0.00104925,0.0738902,0.0013105,0.0691482,0.00151729,0.0725329,0.00137642,0.467473,0.0437041,0.293151,0.0085342
890,2,96,37.6569,14.7712,0.0789297,0.00139586,0.0766224,0.00153887,0.0709327,0.0015679,0.0746926,0.00161051,0.486806,0.0315793,0.293637,0.00336663
891,2,99,48.8284,24.083,0.0773075,0.000795677,0.0739873,0.00173605,0.0668939,0.00352148,0.0723446,0.00201072,0.463696,0.0343375,0.344458,0.0684355
892,2,92,35.6569,13.8197,0.13095,0.0157371,0.135462,0.0132625,0.142697,0.0118961,0.129519,0.0150962,0.194288,0.0191368,0.366774,0.00402532
893,2,69,46.2426,30.991,0.0765847,0.000696176,0.0741867,0.000913896,0.0699455,0.00094054,0.0728521,0.000694793,0.493663,0.0226563,0.326577,0.00559626
894,2,61,38.8284,24.7155,0.0783654,0.000777411,0.0750742,0.00107747,0.0682041,0.00144726,0.0736629,0.000966575,0.509225,0.0120889,0.295747,0.00412967
895,2,227,68.4853,20.6618,0.0755534,0.00118465,0.0725612,0.00153228,0.0670262,0.00145442,0.0709827,0.00160312,0.49702,0.0487055,0.260269,0.0100345
896,2,141,43.8995,13.6678,0.0781927,0.00130506,0.0731081,0.00264052,0.0641891,0.00159074,0.0707969,0.00238107,0.501599,0.0236953,0.412641,0.0112559
897,2,51,24.8284,12.0873,0.0780709,0.000951882,0.0739864,0.000800039,0.0668789,0.000958956,0.0726167,0.00104229,0.477739,0.016578,0.395072,0.0076107
898,2,77,34.8284,15.7535,0.0752823,0.000998851,0.0727372,0.00204698,0.067465,0.00202802,0.0711311,0.00184132,0.452305,0.0294592,0.25509,0.0089238
899,2,210,107.657,55.1905,0.103937,0.0396384,0.10559,0.0431088,0.106633,0.0489343,0.102032,0.0405104,0.330868,0.142654,0.351126,0.0375702
900,2,282,83.799,24.9017,0.122379,0.0236736,0.122139,0.0227151,0.121618,0.0224849,0.116408,0.0236123,0.239869,0.105818,0.34862,0.0329048
901,2,62,28.2426,12.8653,0.0638156,0.000886867,0.0597249,0.00141509,0.0545223,0.000918874,0.05735,0.00108195,0.488046,0.0238714,0.471883,0.00325484
902,2,3410,781.321,179.021,0.0717594,0.0084231,0.0707609,0.00790983,0.0687011,0.00752438,0.0687988,0.00793529,0.204684,0.0474747,0.301894,0.0440214
903,2,293,86.3848,25.4687,0.0646852,0.000766478,0.0613913,0.000904259,0.0563291,0.00113332,0.0602753,0.000924409,0.50176,0.0312453,0.431187,0.0123952
904,2,164,64.4853,25.3558,0.086395,0.000722997,0.0844307,0.000863083,0.0803419,0.00083635,0.0829922,0.000834716,0.544476,0.0480935,0.291612,0.00782361
905,2,92,47.4142,24.436,0.0798779,0.00301546,0.0776501,0.00462886,0.072633,0.00767886,0.0762092,0.00488861,0.497272,0.0230212,0.285179,0.0206952
906,2,20447,1538.81,115.808,0.10083,0.0232058,0.102261,0.0222937,0.103757,0.0218414,0.0946742,0.023585,0.2019,0.0254275,0.323056,0.0420157
907,2,59,26.8284,12.1994,0.0810974,0.00147233,0.0798064,0.00113579,0.0755363,0.00121092,0.0783553,0.00108799,0.513393,0.0407048,0.222629,0.00740413
908,2,859,187.598,40.9697,0.0763268,0.00578111,0.0753966,0.00512956,0.0733378,0.00494947,0.0734992,0.00527712,0.205876,0.0256659,0.339238,0.0218259
909,2,126,76.8284,46.8461,0.073686,0.00613206,0.0707762,0.00753957,0.0661652,0.00914991,0.0695648,0.0074837,0.482913,0.0637959,0.349635,0.0907231
910,2,51,24.2426,11.5236,0.0755542,0.000604382,0.0735286,0.000571814,0.0693778,0.000731747,0.0724662,0.000469132,0.48143,0.0264905,0.242978,0.00442985
911,2,452,145.213,46.6524,0.0695991,0.00215215,0.0650895,0.00304207,0.0588209,0.00362233,0.063649,0.00308318,0.514888,0.0460496,0.304488,0.0284208
912,2,2177,271.74,33.9195,0.0714915,0.00398946,0.0708405,0.0041164,0.0693302,0.00419015,0.0689029,0.00410053,0.208169,0.0467656,0.313505,0.0519507
913,2,157,70.1421,31.3371,0.0879222,0.00726322,0.0874224,0.00641078,0.0853295,0.0054492,0.0847772,0.00662551,0.271238,0.0224508,0.371406,0.0310751
914,2,86,37.6569,16.4888,0.0782243,0.00076401,0.0767497,0.000758797,0.073676,0.00102238,0.0753058,0.00086648,0.506658,0.0195148,0.445632,0.0101433
915,2,85,53.6569,33.8713,0.0604793,0.000568701,0.0578651,0.000634215,0.0541281,0.000878684,0.0569553,0.000584284,0.444798,0.0468792,0.419793,0.00324263
916,2,144,76.8284,40.9903,0.0790185,0.0258192,0.0758282,0.0268282,0.0709038,0.0284887,0.0743182,0.0263314,0.446787,0.0887899,0.269191,0.0654882
917,2,188,77.0711,31.5955,0.069076,0.00127001,0.0652762,0.00181048,0.0596786,0.00261387,0.0639386,0.00178872,0.430225,0.0918875,0.2886,0.0381854
918,2,386,148.627,57.2283,0.0608284,0.00091796,0.0575727,0.00119985,0.0530495,0.00146477,0.056505,0.00116984,0.351316,0.0354853,0.418131,0.0206854
919,2,139,70.8284,36.0911,0.0663777,0.00145774,0.0649471,0.00233887,0.0617911,0.00409008,0.0637494,0.00224363,0.288955,0.1231,0.333803,0.0683732
920,2,425,248.485,145.282,0.0752248,0.0254041,0.073405,0.0250446,0.0698667,0.0254238,0.0720656,0.0245216,0.373093,0.142155,0.31876,0.0813798
921,2,844,184.284,40.2378,0.0792412,0.00452952,0.0794091,0.00472184,0.0780393,0.00487469,0.0774345,0.00429877,0.227395,0.0258349,0.378114,0.0193469
922,2,171,88.4853,45.7874,0.0720936,0.00622313,0.0695561,0.00676429,0.0651132,0.00694576,0.0683375,0.00642936,0.469121,0.0708642,0.329738,0.0532861
923,2,259,117.899,53.6691,0.0735174,0.00539205,0.0716469,0.00591944,0.0681899,0.00629548,0.0704851,0.00585567,0.493951,0.0258508,0.331864,0.0128484
924,2,101,57.4142,32.6375,0.123872,0.0520265,0.121107,0.0516202,0.118112,0.0520187,0.118002,0.0499507,0.30099,0.138239,0.290674,0.00585964
925,2,1322,227.983,39.3163,0.0753307,0.00641988,0.0747138,0.00609468,0.0732356,0.00581399,0.0721148,0.00676991,0.200412,0.0260048,0.362519,0.0141741
926,2,168,67.6569,27.2467,0.0579286,0.00108422,0.0539751,0.00120915,0.0497834,0.00126905,0.0529523,0.0011435,0.498156,0.0297504,0.277992,0.00900758
927,2,162,49.6569,15.221,0.0678541,0.00107331,0.0660315,0.00131717,0.060907,0.0013779,0.0647278,0.00126989,0.458122,0.0427569,0.302386,0.00397697
928,2,436,117.556,31.6961,0.0724426,0.0199437,0.0723279,0.0196418,0.0708368,0.0199175,0.0705799,0.0180523,0.202563,0.0245281,0.32761,0.0277287
929,2,78,40.8284,21.3713,0.057906,0.000547906,0.0538579,0.00057576,0.0499635,0.000942534,0.0528391,0.000544327,0.472951,0.030989,0.295738,0.00445087
930,2,56,36.8284,24.2202,0.0676359,0.00128733,0.0678683,0.00130626,0.0663473,0.00153233,0.0663312,0.00133144,0.196359,0.011187,0.373673,0.00754561
931,2,3519,396.024,44.5681,0.0825856,0.0161569,0.083014,0.0159374,0.0831144,0.0161907,0.0763378,0.0167181,0.204764,0.0211805,0.361457,0.0241438
932,2,50,26,13.52,0.0594039,0.000652142,0.0564437,0.000856021,0.0525133,0.0010703,0.0550765,0.000684072,0.499059,0.0205695,0.468243,0.00432643
933,2,180,78.4853,34.2219,0.0608311,0.00439636,0.0571458,0.00507171,0.0535774,0.00505855,0.0561144,0.00519003,0.4861,0.0303533,0.301839,0.0182812
934,2,7798,763.865,74.8256,0.0589735,0.00175016,0.0564551,0.00192738,0.0550756,0.00204082,0.0549068,0.00203715,0.292891,0.024771,0.395412,0.0229543
935,2,82,40.8284,20.3288,0.0591205,0.000604325,0.0549774,0.000763096,0.0512577,0.000793037,0.0538448,0.00063393,0.543568,0.0517137,0.288893,0.00290158
936,2,299,146.971,72.242,0.0681712,0.00566648,0.065708,0.00651159,0.0606914,0.00541604,0.0644771,0.00635944,0.465617,0.0330854,0.276778,0.0430726
937,2,790,196.627,48.9397,0.068049,0.00215959,0.067563,0.00283805,0.0657724,0.00341897,0.0661785,0.00271586,0.225942,0.073808,0.32766,0.0342741
938,2,65,28.2426,12.2715,0.175245,0.0141656,0.17515,0.0141516,0.176335,0.0137407,0.167919,0.0136803,0.241931,0.016422,0.289917,0.0136028
939,2,77,42.8284,23.8217,0.0605339,0.000668124,0.0563892,0.000724728,0.0525912,0.000769755,0.0553851,0.000721743,0.515202,0.0270592,0.250965,0.0057327
940,2,114,57.6569,29.1606,0.0701112,0.00104839,0.0669759,0.00161172,0.0629733,0.00237984,0.0657302,0.00163434,0.475817,0.037437,0.294334,0.0140947
941,2,219,56.7279,14.6943,0.156165,0.0209,0.156156,0.0193464,0.156349,0.0187982,0.14702,0.0207632,0.224281,0.0299315,0.305473,0.0108656
942,2,234,75.799,24.5534,0.1345,0.0309779,0.136678,0.0310439,0.13826,0.0313461,0.125594,0.0299186,0.206268,0.0253061,0.307346,0.0204641
943,2,221,112.485,57.2531,0.0611137,0.00329216,0.0579511,0.00453028,0.0548455,0.00534855,0.056935,0.00453591,0.436962,0.121529,0.287055,0.069114
944,2,168,68.4853,27.9181,0.0622176,0.000749069,0.0582553,0.000916838,0.0542694,0.00106189,0.0571713,0.000917121,0.483917,0.039237,0.222048,0.00488604
945,2,215,59.5563,16.4975,0.137887,0.0262655,0.140235,0.0247341,0.142556,0.0240316,0.129831,0.0285816,0.192649,0.0206778,0.298366,0.0192914
946,2,48023,3812.43,302.66,0.0876797,0.0243941,0.0892368,0.024648,0.0901869,0.0256551,0.08215,0.0232025,0.202478,0.0254155,0.286854,0.0499938
947,2,66,34.2426,17.766,0.0623744,0.000636664,0.0584886,0.000810481,0.0540098,0.00087949,0.0572814,0.000752829,0.484789,0.0252654,0.287367,0.00337217
948,2,110,55.4142,27.9158,0.0606033,0.000885529,0.0563432,0.00102628,0.0523133,0.00135059,0.0552056,0.00100216,0.501854,0.0428363,0.268612,0.0530871
949,2,15264,1467.68,141.122,0.126246,0.0337457,0.128879,0.0316987,0.131992,0.0301158,0.115178,0.0354269,0.201834,0.0278737,0.269361,0.0370734
950,2,75,42.2426,23.7925,0.0750982,0.00362846,0.0747152,0.00375771,0.0724737,0.00322226,0.0735503,0.00387257,0.208052,0.0185812,0.353514,0.00937283
951,2,988,205.74,42.8431,0.126134,0.0286625,0.127819,0.0276014,0.129285,0.0277498,0.116781,0.0292918,0.230801,0.0745053,0.300388,0.0204983
952,2,198,69.0711,24.095,0.0611906,0.0010159,0.0571971,0.00102957,0.0540267,0.00118237,0.0562565,0.00122853,0.502317,0.0378207,0.238022,0.00608852
953,2,169,96.8284,55.4778,0.0622291,0.0021231,0.0587248,0.00265954,0.0556794,0.00279665,0.0577598,0.00251142,0.496252,0.0239509,0.254198,0.0359259
954,2,120,64.8284,35.0227,0.0640285,0.00160923,0.0605055,0.00258091,0.0562605,0.00328919,0.0591964,0.00264078,0.478268,0.0285153,0.316498,0.0206237
955,2,141,72.2426,37.0142,0.071791,0.0126866,0.0695974,0.0135343,0.0672996,0.01525,0.0671021,0.0118606,0.314588,0.0768199,0.381349,0.0507507
956,2,344,120.142,41.9597,0.0624032,0.000874113,0.0584623,0.000818547,0.0551791,0.00100451,0.0573397,0.000794462,0.471626,0.0285971,0.243695,0.00404787
957,2,76,39.6569,20.693,0.0620359,0.00065328,0.0583983,0.000772178,0.0554121,0.000934355,0.0572139,0.000697262,0.521723,0.0445379,0.271871,0.012963
958,2,79,40.8284,21.1008,0.0946755,0.0451079,0.0924294,0.0458687,0.0896697,0.04704,0.0895011,0.043083,0.259072,0.0295337,0.389925,0.0157326
959,2,93,52.4853,29.6205,0.0639349,0.000755349,0.0603117,0.000846965,0.0561927,0.00130829,0.0592029,0.000949567,0.474088,0.0201401,0.318367,0.00747093
960,2,608,156.042,40.0477,0.0619077,0.00110532,0.0596814,0.000956888,0.057536,0.00104619,0.0583735,0.00096632,0.290906,0.026663,0.36472,0.0239213
961,2,107,43.4142,17.6149,0.06263,0.000694337,0.0599007,0.000819996,0.0574505,0.000939037,0.0589328,0.000648571,0.492468,0.0246862,0.351541,0.0011154
962,2,144,68.4853,32.5711,0.0624121,0.00114556,0.0582976,0.00135442,0.0546619,0.00105661,0.0572905,0.00127482,0.486275,0.0321559,0.243712,0.00774709
963,2,67,42.8284,27.3772,0.0626945,0.00122683,0.0587578,0.00112768,0.0554205,0.000952053,0.057491,0.000974697,0.455078,0.0293888,0.260992,0.00384279
964,2,140,70.8284,35.8333,0.0899348,0.0422494,0.0884658,0.0453387,0.0875551,0.0485607,0.083347,0.0399446,0.411345,0.121269,0.290106,0.047133
965,2,81,37.6569,17.5067,0.063276,0.000770125,0.0597198,0.000826046,0.0569092,0.000903421,0.0584642,0.00078718,0.474171,0.0266202,0.247748,0.00842716
966,2,53,30.8284,17.9319,0.0603707,0.000793205,0.0576454,0.000842681,0.0545605,0.0009992,0.0563384,0.00088367,0.460969,0.0318914,0.321902,0.00492763
967,2,170,69.0711,28.0636,0.0614727,0.000793948,0.0573351,0.000916643,0.0537395,0.00099157,0.0563606,0.000796759,0.483253,0.0220325,0.354253,0.015247
968,2,199,114.243,65.5848,0.060668,0.00124929,0.0570979,0.00123608,0.053818,0.00138831,0.0560535,0.00110921,0.490984,0.0351833,0.323747,0.0321646
969,2,55,30.8284,17.2799,0.0638568,0.000813118,0.060354,0.000750894,0.0577326,0.00109125,0.0593437,0.000959311,0.486417,0.0230972,0.237838,0.00270271
970,2,205,88.4853,38.1934,0.0623711,0.00165054,0.0588011,0.00150974,0.0555752,0.0017909,0.0575894,0.00151206,0.490674,0.0296995,0.307779,0.023438
971,2,60,32.8284,17.9618,0.0621142,0.000628294,0.0583786,0.000526522,0.0549703,0.000831699,0.0571433,0.000482495,0.537516,0.0382419,0.353266,0.00566543
972,2,97,47.6569,23.4142,0.0599725,0.000661876,0.0567767,0.000704101,0.0541896,0.000849786,0.0557663,0.000742779,0.502729,0.0230985,0.332892,0.00299283
973,2,4312,655.262,99.5752,0.125506,0.0246456,0.126412,0.0231527,0.127469,0.0218198,0.115954,0.0251075,0.217482,0.0218457,0.350215,0.0383985
974,2,238,121.899,62.4348,0.0612489,0.00207218,0.0576091,0.00184777,0.0541139,0.00154845,0.0563103,0.00189462,0.445938,0.0585817,0.353594,0.032507
975,2,144,79.4142,43.796,0.0621206,0.00197774,0.0600563,0.00389683,0.0555887,0.00175448,0.0589113,0.00368515,0.489897,0.0402719,0.300253,0.0348164
976,2,148,59.0711,23.577,0.0619894,0.000839505,0.0581061,0.000811468,0.0549347,0.000919456,0.0569781,0.000867208,0.456863,0.0411108,0.301634,0.00544238
977,2,213,89.3137,37.4504,0.0637839,0.00161851,0.0611088,0.0017835,0.0571261,0.00134718,0.0597236,0.001705,0.480714,0.0375758,0.294062,0.0315536
978,2,2623,336.309,43.1199,0.132256,0.0278198,0.135262,0.025586,0.138779,0.0238384,0.119742,0.0293283,0.207866,0.0221132,0.26635,0.0353527
979,2,113,40.4853,14.5049,0.143997,0.0186289,0.145287,0.0169964,0.146262,0.016459,0.134597,0.0193877,0.21645,0.021313,0.310213,0.0188889
980,2,354,167.213,78.9838,0.0645332,0.00159063,0.0618193,0.00174071,0.0575365,0.00145649,0.0604761,0.00169615,0.446139,0.0426356,0.335318,0.0303636
981,2,229,108.971,51.8541,0.131187,0.0453137,0.134072,0.0465881,0.135859,0.0509953,0.119632,0.0407097,0.261033,0.13579,0.265844,0.0503293
982,2,65,31.4142,15.1824,0.0620323,0.0010328,0.0589606,0.000782689,0.0558808,0.00112395,0.0578213,0.0010102,0.474449,0.0498399,0.383576,0.00284679
983,2,121,72.8284,43.8345,0.0636382,0.00130464,0.0610955,0.00150812,0.0571042,0.00192792,0.0597773,0.00141619,0.429104,0.0767338,0.316004,0.0424568
984,2,60,28.8284,13.8513,0.0614918,0.000835417,0.0585515,0.000869602,0.0556479,0.00107597,0.057282,0.000745806,0.487712,0.026674,0.396622,0.00656252
985,2,382,165.799,71.9615,0.0680489,0.0162231,0.0653643,0.0172673,0.0612272,0.0185316,0.0640785,0.0166929,0.445026,0.0830378,0.342012,0.0227331
986,2,173,73.8995,31.5673,0.0647302,0.00359659,0.0622491,0.0040705,0.0582282,0.00427277,0.060946,0.00402369,0.402131,0.067301,0.277066,0.0559233
987,2,48042,1938.1,78.1862,0.0718419,0.00487668,0.0704983,0.00510251,0.0700951,0.00563394,0.0673915,0.00445631,0.243877,0.0371944,0.303991,0.0576573
988,2,152,60.4853,24.0689,0.0635205,0.00198839,0.0610734,0.00194478,0.0567071,0.00164419,0.0597524,0.00194452,0.476651,0.0443055,0.358197,0.00590196
989,2,133,47.8995,17.2508,0.0637195,0.00162526,0.0611874,0.00168263,0.0567823,0.0014752,0.05982,0.00182081,0.484387,0.0381595,0.272556,0.00651821
990,2,1160,149.841,19.3554,0.126628,0.0255086,0.132771,0.0244617,0.13937,0.0237545,0.113819,0.0279458,0.203151,0.0243243,0.306297,0.0486401
991,2,252,104.142,43.038,0.130085,0.0361888,0.130735,0.0369504,0.131161,0.0385539,0.120177,0.0337351,0.275459,0.118609,0.34808,0.0290336
992,2,78,41.4142,21.9889,0.0675089,0.00363965,0.0656256,0.00441433,0.0621683,0.0059733,0.0642848,0.00434109,0.475314,0.022178,0.283611,0.00780011
993,2,68,31.6569,14.7376,0.0623249,0.0014933,0.0603751,0.00172291,0.0558274,0.00135362,0.0587012,0.00134654,0.450692,0.0260676,0.409479,0.00614693
994,2,209,77.8995,29.0351,0.0703858,0.00233611,0.0690448,0.00262162,0.0649207,0.00280723,0.0678256,0.00258785,0.46115,0.0479805,0.347763,0.0174378
995,2,140,46.4853,15.4349,0.0773828,0.00310937,0.076557,0.00263607,0.0723961,0.00235063,0.0747699,0.00258232,0.498067,0.0279172,0.330695,0.00730282
996,2,168,78.2426,36.4399,0.06408,0.0012827,0.0603552,0.00105457,0.0556212,0.00152007,0.05929,0.00109158,0.496615,0.0310836,0.309524,0.0218192
997,2,191,106.485,59.3671,0.0658227,0.00266902,0.0635801,0.0036545,0.0589319,0.00487504,0.0623877,0.00376802,0.443815,0.107519,0.309785,0.0326673
998,2,1894,221.64,25.9367,0.118008,0.0314494,0.119714,0.0301873,0.121951,0.0288811,0.108914,0.0329998,0.210986,0.0245586,0.366695,0.0172062
999,2,58,32.8284,18.5811,0.0643131,0.00102871,0.0606425,0.00108003,0.0566799,0.000828096,0.0594366,0.00085421,0.457877,0.0221276,0.279823,0.00332778
1000,2,130,66.2426,33.7545,0.0692006,0.0050857,0.0661513,0.00545915,0.0610937,0.00433834,0.0646125,0.00497723,0.49448,0.0255236,0.298701,0.029245
1001,2,149,73.4142,36.1721,0.0694779,0.00130316,0.0677942,0.00205225,0.0644236,0.0032604,0.0668003,0.00189653,0.34902,0.0990056,0.33557,0.017637
1002,2,96,47.6569,23.6581,0.122771,0.0484462,0.123356,0.0501057,0.123287,0.0533566,0.114064,0.0442755,0.320711,0.146114,0.269426,0.0632958
1003,2,112,60.8284,33.0366,0.0644081,0.00172979,0.0610159,0.00175665,0.0562872,0.00179774,0.0597196,0.00173739,0.501576,0.03121,0.355212,0.0274864
1004,2,2282,362.225,57.4966,0.0879905,0.0118717,0.0875226,0.011757,0.0859111,0.0120029,0.0847477,0.0115072,0.212423,0.0587961,0.334767,0.0300737
1005,2,608,229.941,86.962,0.100061,0.0350965,0.101498,0.0380186,0.102667,0.0419198,0.0908187,0.0323163,0.32313,0.13971,0.271004,0.0461538
1006,2,17779,1251.63,88.1139,0.0751353,0.00872213,0.0755587,0.00829851,0.0744621,0.00798476,0.0716529,0.00873227,0.198037,0.0273275,0.289172,0.0594339
1007,2,111,39.3137,13.924,0.14629,0.0327486,0.149999,0.0306238,0.154142,0.0303215,0.134124,0.0353089,0.210316,0.0126656,0.16344,0.0119814
1008,2,37612,2263.58,136.228,0.0966504,0.02786,0.098202,0.0272648,0.0993432,0.0273521,0.0901373,0.0268455,0.203214,0.0253904,0.257722,0.0605038
1009,2,180,100.243,55.8255,0.068048,0.00480516,0.0659835,0.00596746,0.0631559,0.00591757,0.0646515,0.00564708,0.37244,0.127239,0.275751,0.0477764
1010,2,158,62.2426,24.5199,0.0773293,0.00487434,0.0769924,0.00376751,0.0742403,0.00341122,0.0752616,0.00388363,0.202432,0.0284183,0.309827,0.00683439
1011,2,489,114.284,26.7094,0.116715,0.0215015,0.115821,0.0182283,0.114792,0.0167865,0.109829,0.0195514,0.221901,0.0222239,0.365542,0.0150252
1012,2,53,38.8284,28.4462,0.0649987,0.000978029,0.062061,0.000885621,0.0580902,0.00116216,0.0607953,0.0010297,0.49212,0.0271226,0.200025,0.0148695
1013,2,110,51.4142,24.0311,0.0713849,0.00788821,0.0697847,0.00799647,0.0661607,0.00815312,0.0684027,0.00765022,0.283743,0.13502,0.282555,0.0526159
1014,2,1039,178.083,30.5232,0.131128,0.0307897,0.135444,0.0287527,0.140333,0.0269756,0.118743,0.0320295,0.20833,0.0233003,0.299053,0.0710549
1015,2,102,47.0711,21.7224,0.0643605,0.000713707,0.0609705,0.000837335,0.0579803,0.000851473,0.0598414,0.00069126,0.495617,0.0190386,0.251192,0.00486241
1016,2,104,40.4853,15.7602,0.164763,0.0181767,0.163499,0.0161722,0.163275,0.014483,0.156144,0.0196575,0.211312,0.0264653,0.287682,0.0108745
1017,2,386,176.385,80.6,0.0656084,0.00123359,0.0623695,0.00103874,0.0587476,0.00116961,0.0612881,0.000964841,0.482262,0.0419074,0.224076,0.0204755
1018,2,1290,191.941,28.5592,0.0877506,0.0106789,0.0872017,0.00981884,0.0852662,0.00941473,0.0848122,0.00954744,0.202198,0.0207377,0.332605,0.0244759
1019,2,205,92.4853,41.7245,0.0852015,0.0387698,0.0825314,0.0392696,0.0805621,0.0399858,0.0797945,0.0361038,0.41649,0.109513,0.249143,0.0401339
1020,2,12822,883.161,60.8309,0.0770937,0.00648313,0.077118,0.00614858,0.0758027,0.00584019,0.0745802,0.00628116,0.200215,0.0276875,0.244481,0.0679269
1021,2,97,40.8284,17.1852,0.0643616,0.000720749,0.0614086,0.000791935,0.0587544,0.000934821,0.0603636,0.000729652,0.514817,0.0444843,0.235581,0.00500661
1022,2,72,34.8284,16.8475,0.0672386,0.00082883,0.0641111,0.000891488,0.0603769,0.000888224,0.0626998,0.000807911,0.474837,0.0363774,0.249625,0.0147212
1023,2,247,107.556,46.8355,0.0664003,0.000849158,0.0631027,0.00083393,0.059299,0.00105028,0.0619059,0.000945003,0.501691,0.0387877,0.249644,0.0125219
1024,2,2232,338.894,51.4558,0.124555,0.0277882,0.127477,0.0255696,0.131013,0.0237937,0.113405,0.0296978,0.202901,0.0282432,0.293425,0.0320284
1025,2,130,74.8284,43.0715,0.0649162,0.000736673,0.0614353,0.000913731,0.058036,0.0014529,0.0603977,0.000842987,0.481689,0.0253641,0.265696,0.0242928
1026,2,246,73.8995,22.1997,0.0687053,0.00102458,0.0657666,0.000985555,0.0631934,0.000982335,0.0644734,0.000865888,0.49517,0.0292934,0.222863,0.012909
1027,2,262,92.1421,32.4052,0.0672165,0.00127466,0.0641138,0.00117946,0.0607033,0.00115582,0.0628558,0.00116036,0.49057,0.0315169,0.305859,0.0111487
1028,2,65,32,15.7538,0.0633544,0.0008283,0.0602365,0.000763238,0.0574883,0.000978759,0.05926,0.000741417,0.48905,0.0335851,0.25738,0.00484679
1029,2,240,118.971,58.975,0.0684151,0.000875169,0.0654684,0.000907259,0.0627381,0.000953162,0.0643387,0.0009309,0.514918,0.0302588,0.188767,0.016226
1030,2,3237,432.995,57.9193,0.0757738,0.00583607,0.0753521,0.00589932,0.0741342,0.00595347,0.072956,0.00598889,0.20252,0.0228502,0.34201,0.0379339
1031,2,115,56.8284,28.0823,0.0635174,0.00119229,0.0603437,0.00104639,0.0574984,0.00102925,0.0595279,0.00105243,0.490537,0.0367751,0.258813,0.0219202
1032,2,101,50.8284,25.5795,0.0674354,0.000945365,0.0644632,0.000762097,0.0621239,0.000968185,0.0633052,0.000736469,0.475092,0.042597,0.26338,0.0140056
1033,2,52716,2754.33,143.91,0.0652147,0.00243223,0.063213,0.00262587,0.0628766,0.00268067,0.059825,0.00279399,0.285734,0.0311619,0.374965,0.0484607
1034,2,139,67.6569,32.9313,0.10476,0.0321142,0.105732,0.034035,0.107084,0.0370804,0.0941759,0.0275769,0.303061,0.157631,0.317179,0.0235428
1035,2,100,45.6569,20.8455,0.0680538,0.000960581,0.0649214,0.000944896,0.0624251,0.000871295,0.0638526,0.000789324,0.523216,0.0258597,0.266892,0.00585153
1036,2,111,64.2426,37.1812,0.0637836,0.000859366,0.061314,0.00101986,0.0588232,0.00165422,0.0602772,0.00101802,0.478926,0.0939484,0.316837,0.0904668
1037,2,99,52.8284,28.1903,0.0680344,0.00090773,0.0653655,0.000859567,0.0626011,0.000890885,0.0641924,0.000815261,0.499386,0.0288776,0.206456,0.0300675
1038,2,126,62.2426,30.7472,0.0675551,0.00117558,0.0646916,0.00109455,0.062037,0.00127358,0.0633549,0.00120046,0.523872,0.0326022,0.257132,0.0432166
1039,2,174,72.7279,30.3986,0.164289,0.01583,0.166042,0.0149158,0.167653,0.0142118,0.156464,0.0172442,0.209894,0.0204667,0.308869,0.00639018
1040,2,162,62.7279,24.2888,0.0631001,0.000878043,0.061869,0.000908552,0.0603396,0.000950941,0.0602528,0.000996005,0.391842,0.0279377,0.451618,0.0140033
1041,2,129,63.6569,31.4124,0.0660347,0.000868234,0.063163,0.000939,0.0603837,0.00123083,0.0621342,0.00101187,0.494878,0.0276999,0.240834,0.0120692
1042,2,480,98.1421,20.0664,0.0667175,0.00110936,0.0635389,0.00117662,0.0599924,0.00116102,0.0622749,0.00115126,0.504306,0.0337837,0.280828,0.0128871
1043,2,55,34.8284,22.0549,0.0666178,0.000706552,0.0635641,0.000784122,0.0600751,0.000789289,0.0624021,0.0007363,0.478075,0.0247827,0.316216,0.0027027
1044,2,74,33.6569,15.3079,0.0676683,0.000927924,0.0646663,0.000742306,0.0620034,0.000942049,0.063506,0.000845655,0.517647,0.0226473,0.21786,0.00664729
1045,2,232,108.728,50.9559,0.068166,0.007382,0.065373,0.00818235,0.0622688,0.00777371,0.0642132,0.00785781,0.445994,0.105612,0.304345,0.0223726
1046,2,242,138.243,78.9712,0.0681598,0.00107958,0.0654374,0.00163986,0.0624236,0.00219579,0.0642515,0.00167161,0.454724,0.0852738,0.283309,0.0414467
1047,2,352,172.627,84.6597,0.0670057,0.000963251,0.0639401,0.000931799,0.0612971,0.000960721,0.0627795,0.000898324,0.52725,0.0523458,0.264953,0.0190601
1048,2,54,25.4142,11.9608,0.068236,0.000972595,0.0650032,0.000775965,0.0617704,0.00103648,0.0638311,0.000662474,0.47451,0.0304138,0.247623,0.00322667
1049,2,227,130.828,75.4012,0.0655477,0.0023836,0.062583,0.00275588,0.0598785,0.00299316,0.0615968,0.00266661,0.509493,0.0312953,0.269556,0.035993
1050,2,183,97.6569,52.114,0.0666337,0.00185076,0.0635837,0.00186738,0.0605556,0.0021208,0.0624143,0.00184236,0.52984,0.060293,0.308337,0.0418202
1051,2,54,28.8284,15.3903,0.0670847,0.000851288,0.0636409,0.000764569,0.0608777,0.000959667,0.062457,0.000754834,0.497095,0.0295006,0.281156,0.0032939
1052,2,6840,669.948,65.6185,0.103167,0.0290894,0.105989,0.027133,0.109351,0.0258348,0.0927743,0.0289823,0.205171,0.0361079,0.273968,0.0349297
1053,2,140,71.0711,36.0793,0.0665149,0.000762859,0.0634096,0.000843499,0.0601081,0.000854981,0.0623306,0.000792571,0.488011,0.022863,0.338996,0.0171114
1054,2,442,185.456,77.8142,0.0680279,0.00110403,0.0649933,0.00107769,0.0617216,0.00114118,0.0637991,0.00105076,0.528108,0.040456,0.309573,0.0160762
1055,2,123,63.6569,32.9447,0.0669237,0.00117135,0.0638,0.00123259,0.0613579,0.00122134,0.0626921,0.00118601,0.49941,0.0420467,0.25802,0.00752842
1056,2,88,50.2426,28.6855,0.0671276,0.000811131,0.0637873,0.000785346,0.0609279,0.00105017,0.0628144,0.00072593,0.503788,0.0294886,0.345516,0.00604186
1057,2,151,85.3137,48.2015,0.0650125,0.000773072,0.0617884,0.000714986,0.0585604,0.000829524,0.0607996,0.000689802,0.499857,0.03451,0.32862,0.00771697
1058,2,56,26.2426,12.2978,0.0634661,0.000587712,0.0603598,0.000569428,0.0575853,0.000681226,0.0593985,0.00061556,0.521639,0.0365817,0.309725,0.00538376
1059,2,117,55.6569,26.4759,0.0669154,0.000823801,0.0638874,0.000722015,0.0606746,0.000887508,0.0629254,0.000739288,0.559075,0.0450419,0.319473,0.00666056
1060,2,300,113.556,42.9835,0.0666529,0.000997794,0.063449,0.0010135,0.0607318,0.00111167,0.0623985,0.00109045,0.501137,0.0378547,0.257905,0.0166255
1061,2,115,63.4142,34.9684,0.0696534,0.00165756,0.0682002,0.00280869,0.0658771,0.00336453,0.0668461,0.00282479,0.322251,0.149199,0.245593,0.0482738
1062,2,8203,754.693,69.4334,0.0753999,0.00615096,0.0753907,0.00590404,0.0744772,0.00561454,0.0722115,0.00611153,0.212141,0.0305133,0.260351,0.0407725
1063,2,158,55.6569,19.6056,0.066286,0.000947278,0.0628748,0.00105675,0.0601694,0.000975078,0.0615741,0.000935768,0.475552,0.0419369,0.209117,0.0111673
1064,2,2685,272.569,27.6699,0.073368,0.00253354,0.0720514,0.00286581,0.0723109,0.00308405,0.0670936,0.00280207,0.226338,0.0254619,0.380583,0.0167661
1065,2,62,28.8284,13.4045,0.0675805,0.00062697,0.0648888,0.000752241,0.0621327,0.000854506,0.063857,0.000597314,0.541176,0.0194299,0.287598,0.00577182
1066,2,140,76.8284,42.1615,0.0670317,0.00160457,0.0639528,0.00144213,0.0611646,0.00145518,0.0628769,0.00131579,0.509552,0.0312048,0.284411,0.0167445
1067,2,77,34.2426,15.228,0.0743724,0.00273064,0.0750175,0.00289535,0.0725178,0.0029944,0.0737968,0.00284104,0.170206,0.0251878,0.256494,0.00750045
1068,2,3960,515.782,67.1795,0.0981282,0.0278984,0.10004,0.0274813,0.102099,0.0270015,0.0915333,0.0293734,0.215761,0.0594462,0.270161,0.0303946
1069,2,159,77.6569,37.9282,0.067325,0.00172276,0.0646013,0.00172676,0.0617747,0.00183597,0.0635086,0.00155738,0.462622,0.13367,0.275965,0.0393074
1070,2,116,38.7279,12.9298,0.141639,0.0256468,0.142521,0.0226432,0.143141,0.0206942,0.132475,0.0263246,0.194185,0.0220006,0.210566,0.0080801
1071,2,112,62.2426,34.5906,0.0699153,0.00397004,0.0686905,0.00512857,0.0671035,0.0054068,0.067271,0.00492147,0.28848,0.132667,0.288731,0.0357304
1072,2,143,87.0711,53.0166,0.067793,0.000928114,0.0641062,0.00100236,0.0610749,0.00110698,0.0630164,0.0010692,0.489181,0.0213775,0.253875,0.0103414
1073,2,154,83.0711,44.8104,0.0676441,0.00387853,0.0655544,0.00445174,0.0629822,0.00497415,0.0643857,0.0042456,0.432824,0.149385,0.254519,0.0682184
1074,2,52,26.2426,13.2438,0.0652676,0.000751856,0.0619037,0.000675582,0.0587726,0.000758852,0.0609309,0.000390985,0.497587,0.0202848,0.277937,0.00593035
1075,2,179,72.4853,29.3526,0.0666039,0.000658749,0.0633122,0.000672497,0.0601962,0.00086331,0.0623762,0.000705794,0.472297,0.0320954,0.345765,0.0128918
1076,2,98,49.6569,25.1613,0.11378,0.0349406,0.113377,0.0351917,0.112208,0.0354822,0.105908,0.0325563,0.265626,0.133915,0.326531,0.0456613
1077,2,88,38.2426,16.6193,0.0708814,0.000894264,0.0680455,0.000777644,0.0653047,0.00100817,0.0667938,0.000890354,0.510339,0.0236123,0.195716,0.0139089
1078,2,257,115.556,51.9582,0.0690629,0.00157433,0.068711,0.00142172,0.0673192,0.00146558,0.0675652,0.00141772,0.201419,0.0302474,0.296403,0.0213314
1079,2,70,34,16.5143,0.0611105,0.00066278,0.0577503,0.000688982,0.0545929,0.000947074,0.0568917,0.000736226,0.495182,0.0122033,0.270367,0.00699325
1080,2,510,134.385,35.4103,0.0844416,0.0116896,0.0840553,0.0112631,0.0821712,0.0107282,0.0817145,0.0110704,0.212757,0.0689791,0.302795,0.0159875
1081,2,298,90.1421,27.2671,0.103953,0.0208155,0.106685,0.0209713,0.108742,0.0207977,0.098465,0.0231405,0.199632,0.0212588,0.341488,0.00837666
1082,2,59,26.8284,12.1994,0.0634427,0.00098328,0.0604844,0.00068031,0.0578395,0.000982712,0.059215,0.000748548,0.191692,0.0216736,0.331081,0
1083,2,151,62.2426,25.6566,0.101348,0.0304347,0.101946,0.0313318,0.102036,0.0327305,0.0956304,0.029799,0.207739,0.0145683,0.254027,0.0521477
1084,2,136,47.6569,16.6998,0.0637161,0.000543074,0.0604651,0.00059285,0.0574343,0.000806042,0.0594634,0.000546801,0.485842,0.0210898,0.281051,0.0251267
1085,2,93,57.6569,35.7453,0.0696445,0.000790658,0.0698559,0.00102305,0.0678587,0.00101226,0.0684606,0.000967901,0.20506,0.02266,0.248256,0.0121316
1086,2,167,98.8284,58.4854,0.0710064,0.00146957,0.0687967,0.00154417,0.0664304,0.00203023,0.0676591,0.00159804,0.39258,0.131807,0.271079,0.0648499
1087,2,62,33.4142,18.0082,0.0701826,0.000888245,0.0674057,0.000665288,0.064844,0.000886009,0.0663808,0.000666395,0.484883,0.0230512,0.188426,0.00778044
1088,3,585342,6161.14,64.8503,0.0718585,0.00822915,0.0754364,0.00849644,0.0687735,0.00814291,0.068497,0.00710896,8.17689e-05,0.00587086,0.620744,0.0619156
1089,3,144,73.6569,37.6759,0.0700026,0.0231305,0.0752236,0.033037,0.0666254,0.0233408,0.0626548,0.0147072,0,0,0.664227,0.0267947
1090,3,194,103.071,54.7611,0.0572126,0.00273987,0.0576151,0.00598844,0.0532159,0.00213497,0.0564082,0.00577413,0,0,0.662301,0.0227738
1091,3,165,85.0711,43.8611,0.056944,0.00293847,0.0567189,0.00562898,0.0530928,0.00238694,0.0556493,0.00563172,0,0,0.634275,0.0395397
1092,3,116,56.8284,27.8403,0.0560071,0.000601041,0.0546246,0.000691527,0.0522235,0.000858789,0.0534381,0.000618889,0,0,0.615156,0.0153256
1093,3,64,30.8284,14.8499,0.0622727,0.00110659,0.0653163,0.000951095,0.0570249,0.000738283,0.0642638,0.00123804,0,0,0.698902,0.013132
1094,3,83,46.2426,25.7636,0.0693818,0.000838291,0.074596,0.000973092,0.0637002,0.000949815,0.0731598,0.000979868,0,0,0.673559,0.00777337
1095,3,128,66.2426,34.2819,0.0628176,0.00453508,0.0652204,0.0060843,0.0580422,0.00313836,0.0636578,0.0056332,0,0,0.62083,0.0483535
1096,3,256,102.142,40.754,0.064985,0.00622597,0.0686561,0.0093894,0.0558989,0.0027931,0.064182,0.00667615,0,0,0.629619,0.0547301
1097,3,126,66.2426,34.8261,0.0622638,0.00814322,0.0640158,0.0115503,0.0560452,0.00377594,0.0609365,0.00826635,0,0,0.592718,0.035699
1098,3,168,78.8284,36.9876,0.0588955,0.00375147,0.0581421,0.00490561,0.0542993,0.00252213,0.0570384,0.00476112,0,0,0.559604,0.0736829
1099,3,128,69.0711,37.272,0.056808,0.000522702,0.0556096,0.000589477,0.0531039,0.000848008,0.054549,0.000502089,0,0,0.579497,0.0282717
1100,3,159,71.3137,31.9852,0.0565142,0.000646544,0.0550962,0.000669543,0.0526105,0.000885,0.0539502,0.000581252,0,0,0.642529,0.00783115
1101,3,101,41.0711,16.7013,0.0562427,0.000637238,0.0551718,0.000563389,0.0525997,0.000831285,0.0541413,0.000555943,0,0,0.680024,0.0133988
1102,3,81,37.0711,16.9662,0.0565914,0.000541082,0.0551968,0.000608164,0.0526922,0.000723969,0.0540454,0.00056014,0,0,0.693026,0.0155294
1103,3,181,95.6569,50.5538,0.0618027,0.0061389,0.0612995,0.00693289,0.0552386,0.00309723,0.0596482,0.00621108,0,0,0.661528,0.04052
1104,3,190,97.6569,50.194,0.060582,0.00438464,0.0592677,0.0042124,0.0546724,0.00243725,0.0577777,0.00397253,0,0,0.65569,0.0142379
1105,3,85,43.6569,22.4226,0.0650456,0.00458802,0.0647726,0.00480861,0.0561607,0.000952564,0.062863,0.00448596,0,0,0.622655,0.0498193
1106,3,310,135.556,59.2759,0.0613704,0.00188646,0.0600002,0.00214615,0.0544588,0.00159546,0.0586888,0.00207,0,0,0.574913,0.0479385
1107,4,420,152.083,55.0698,0.0694963,0.00370929,0.0695405,0.0032977,0.0552008,0.00140373,0.0643676,0.00334279,0.465574,0.119892,0.578571,0.0110635
1108,4,1.04164e+06,21109.6,427.804,0.0685055,0.00685573,0.0735802,0.00811509,0.0631338,0.00654477,0.0673378,0.00550964,0.492977,0.0348365,0.612335,0.0591478
1109,4,850,236.61,65.864,0.0695607,0.00359992,0.0701772,0.00247648,0.0558538,0.00164777,0.0642719,0.00316344,0.505476,0.0309238,0.65899,0.0682634
1110,4,90,45.6569,23.1616,0.0730531,0.00342697,0.0771977,0.00403721,0.057442,0.00167517,0.0714283,0.0045015,0.502135,0.0232585,0.632883,0.013993
1111,4,450,147.456,48.3183,0.0733835,0.00419918,0.0758071,0.00462607,0.0585922,0.00130514,0.0679126,0.00592245,0.503887,0.0310432,0.691787,0.0163548
1112,4,145,74.8284,38.6158,0.0617518,0.00168573,0.0616759,0.00125535,0.0560774,0.00119522,0.0606373,0.00125554,0.49263,0.0294476,0.648695,0.0712089
1113,4,94,38.2426,15.5585,0.0637294,0.00189867,0.0641083,0.00160829,0.0552764,0.000931124,0.062543,0.00126788,0.498331,0.0229254,0.546363,0.00596262
1114,4,181,68.2426,25.7296,0.0634996,0.00143035,0.0622866,0.00250459,0.0564138,0.00210856,0.0607281,0.00258709,0.488094,0.0275098,0.696282,0.0152709
1115,4,142,75.6569,40.3096,0.0607317,0.00208162,0.0616916,0.00223459,0.0556473,0.00117985,0.0603637,0.00224488,0.501906,0.0325317,0.655786,0.0537246
1116,4,118,62.2426,32.8317,0.0615046,0.00281001,0.0604806,0.00223612,0.0543679,0.00151743,0.0589203,0.00201141,0.483583,0.0217189,0.636738,0.0698353
1117,4,103,48.2426,22.5957,0.0640443,0.00249868,0.0645852,0.00219128,0.0609673,0.00167682,0.0636567,0.00214545,0.481135,0.034253,0.63894,0.0169651
1118,4,96,46.8284,22.8427,0.0670313,0.00419003,0.0657772,0.00382623,0.0622182,0.00342667,0.0639524,0.00348764,0.491095,0.0263644,0.579955,0.0663005
1119,4,164,76.2426,35.4448,0.0693369,0.00507556,0.067327,0.0046305,0.0615728,0.00382881,0.0653106,0.00432764,0.483907,0.0273402,0.659072,0.0869118
1120,4,369,134.385,48.9411,0.0634164,0.00242622,0.0623952,0.00315691,0.0589041,0.00267368,0.0605774,0.00328958,0.471513,0.0368987,0.66793,0.0567016
1121,4,158,55.3137,19.3646,0.0632998,0.000954484,0.0609847,0.000866335,0.0590847,0.00104808,0.0592254,0.000875999,0.459618,0.0283227,0.67311,0.00472347
1122,4,69,31.0711,13.9915,0.0652883,0.00113096,0.0696859,0.000813657,0.0595199,0.00099419,0.0685586,0.000959864,0.471725,0.0210718,0.59009,0.00910641
1123,4,58340,3265.37,182.767,0.069935,0.00582622,0.068056,0.00616446,0.0668801,0.00656247,0.0650583,0.0058059,0.49431,0.0328695,0.637687,0.0510367
1124,4,123,54.2426,23.9208,0.0607856,0.001992,0.0589846,0.00233164,0.0559508,0.00152854,0.057362,0.00213676,0.473585,0.0372271,0.597561,0.0296736
1125,4,227,125.314,69.1785,0.0744901,0.0193477,0.0802893,0.0274558,0.0663636,0.0212537,0.0705269,0.00695991,0.509389,0.0211543,0.561347,0.0358617
1126,4,53,30.8284,17.9319,0.0620711,0.000720726,0.066245,0.000630101,0.057522,0.000721285,0.0652055,0.000697474,0.492416,0.0254889,0.607726,0.00156137
1127,4,265,87.3137,28.7686,0.0670029,0.00268336,0.064737,0.0019341,0.0601307,0.00205794,0.0629981,0.00197305,0.480178,0.0319313,0.710403,0.0403997
1128,4,458,110.284,26.5559,0.0721957,0.00252998,0.0748928,0.00197722,0.0593182,0.00146362,0.0686326,0.00227286,0.522827,0.0227161,0.557329,0.0359375
1129,4,397,121.841,37.3933,0.0737411,0.00215259,0.0751602,0.00178537,0.059741,0.00168879,0.0704242,0.00268103,0.500291,0.0303898,0.632055,0.0132838
1130,4,112,54.2426,26.2702,0.0699039,0.000931022,0.0702919,0.00221271,0.0572363,0.00110764,0.0683784,0.00248258,0.532843,0.0448113,0.521417,0.054399
1131,4,101,43.0711,18.3675,0.0703743,0.00128107,0.070299,0.000944448,0.0553074,0.00156578,0.0685586,0.00110021,0.485614,0.0251501,0.594595,0.0168752
1132,4,2378,406.794,69.5884,0.0675976,0.00402607,0.0686656,0.00353166,0.0535953,0.00279304,0.0658843,0.00409462,0.494784,0.0360608,0.595623,0.0511599
1133,4,85,44,22.7765,0.0651193,0.00124403,0.0682918,0.00243925,0.0596348,0.00125173,0.0668827,0.00243886,0.503299,0.0339514,0.545787,0.0795454
1134,4,483,157.456,51.3299,0.0700294,0.00317763,0.0678185,0.00306886,0.06209,0.00276155,0.0655642,0.00286796,0.485235,0.0271402,0.56726,0.0274762
1135,4,139,68.4853,33.7427,0.0642902,0.00099433,0.0697905,0.000930116,0.0594,0.00095682,0.068668,0.00093861,0.513331,0.03225,0.618219,0.0150841
1136,4,402,192.142,91.8373,0.0644815,0.0028245,0.0681997,0.0017983,0.0584601,0.00187764,0.0666113,0.00139237,0.500917,0.0310061,0.620109,0.0401038
1137,4,189,102.485,55.5727,0.0654055,0.00443842,0.0669735,0.00350076,0.0593028,0.0027003,0.0655999,0.00342595,0.49059,0.0214283,0.586229,0.0218269
1138,4,101,50.2426,24.9933,0.0708942,0.00542293,0.0721951,0.00180455,0.0634964,0.00343968,0.0703044,0.00165872,0.50763,0.0355176,0.626104,0.00383604
1139,4,70,32.8284,15.3958,0.0651316,0.000934474,0.0702827,0.000965486,0.0593022,0.00104781,0.0690595,0.000964772,0.461064,0.0218803,0.57693,0.00328896
1140,4,74,32.8284,14.5636,0.0652867,0.00156182,0.0641574,0.00191447,0.0588211,0.00141333,0.0619798,0.00171119,0.5,0.0307385,0.656866,0.00911065
1141,4,215,110.142,56.4246,0.0711913,0.00349647,0.0687854,0.00346211,0.0668496,0.00434794,0.067046,0.00320791,0.497875,0.0257038,0.638655,0.0156651
1142,4,126,70.2426,39.159,0.0664833,0.00101676,0.063263,0.00160242,0.0577286,0.00229155,0.0614035,0.00166789,0.489169,0.0263168,0.653582,0.0125808
1143,4,190,101.899,54.65,0.071471,0.00111263,0.0690945,0.00225793,0.0632261,0.00391433,0.0670183,0.00230173,0.50097,0.0297271,0.62692,0.0217797
1144,4,268,111.314,46.2341,0.063572,0.000989683,0.0678561,0.00287582,0.0592117,0.0015518,0.065985,0.00250585,0.473325,0.0463874,0.578711,0.018212
1145,4,229,99.8995,43.5804,0.0629668,0.000829633,0.0669813,0.000997336,0.0584352,0.00101818,0.0657254,0.000953602,0.490641,0.0274559,0.64977,0.0452392
1146,4,1076,252.184,59.1047,0.0626544,0.0015407,0.0636824,0.00236248,0.0577859,0.00133178,0.0621124,0.00218778,0.479521,0.0342259,0.549125,0.0421508
1147,4,233,81.8995,28.7877,0.0650116,0.00158958,0.0662371,0.00174905,0.061062,0.00219787,0.0648887,0.00163551,0.539224,0.0652544,0.562725,0.0347059
1148,4,135,60.4853,27.0998,0.0639033,0.00147222,0.0669432,0.000868327,0.0595926,0.00192912,0.0658202,0.00079292,0.479855,0.0405063,0.636036,0.0104287
1149,4,116,69.0711,41.1277,0.0614505,0.00121982,0.0645231,0.00211369,0.0574428,0.000930461,0.0634056,0.00215875,0.479277,0.0232677,0.65028,0.00558452
1150,4,105,39.0711,14.5386,0.0647157,0.000906185,0.0663378,0.00104172,0.0621333,0.000948836,0.0643566,0.000916769,0.496657,0.0609812,0.600193,0.011208
1151,4,1338,203.012,30.8027,0.0689744,0.00345967,0.0700672,0.00360916,0.0650428,0.00400282,0.0656084,0.00308556,0.467798,0.0422144,0.608805,0.0167959
1152,4,97,46.8284,22.6072,0.0622534,0.000909362,0.0648897,0.000773011,0.0577944,0.000923674,0.0641178,0.0010229,0.477825,0.0300686,0.521385,0.0051045
1153,4,61,27.6569,12.5394,0.0646356,0.000859946,0.065611,0.00078538,0.0608267,0.000961426,0.0630127,0.00087349,0.460495,0.0231019,0.537218,0.0114524
1154,4,73,32.2426,14.2409,0.0627413,0.000795158,0.0657392,0.00112322,0.0622919,0.00224153,0.0644695,0.00115326,0.468762,0.0247604,0.667993,0.00736057
1155,4,126,53.8995,23.0568,0.0626081,0.000902858,0.0648312,0.000950016,0.0593472,0.00163596,0.0634103,0.00097564,0.481637,0.0366193,0.647683,0.0164565
1156,4,41906,2631.22,165.211,0.0746389,0.0110255,0.0802767,0.0115444,0.0752498,0.012567,0.0729037,0.0100461,0.475807,0.0367029,0.624258,0.0572345
1157,4,139,61.8995,27.5651,0.064424,0.00141107,0.0660948,0.00124208,0.0617304,0.00110077,0.0638099,0.00116713,0.581323,0.0899936,0.473848,0.0147641
1158,4,116,63.6569,34.9327,0.0659517,0.00305844,0.0678694,0.00428343,0.0616123,0.00191862,0.0656353,0.0046502,0.497701,0.0776731,0.523008,0.0423726
1159,4,120,44.4853,16.4912,0.0695896,0.00106999,0.0720013,0.00110898,0.0681402,0.00170656,0.0684362,0.000929884,0.465131,0.0269006,0.564189,0.00635039
1160,4,2047,495.865,120.118,0.0648147,0.00195553,0.0659012,0.00194418,0.0610914,0.00209289,0.0636072,0.00172271,0.476159,0.0493183,0.537761,0.0290903
1161,4,5870,936.617,149.447,0.0869361,0.00521315,0.0888982,0.00548808,0.0843537,0.00611784,0.0813223,0.00579343,0.467778,0.0353095,0.556937,0.034978
1162,4,178,77.5563,33.7921,0.0825778,0.00505326,0.0851534,0.00726064,0.0822259,0.0102871,0.0797464,0.0073364,0.444151,0.014352,0.585674,0.0177669
1163,4,330,82.1421,20.4465,0.0703436,0.00403034,0.0745819,0.00325493,0.0634857,0.00317967,0.0721661,0.00561189,0.496685,0.0216658,0.673587,0.011587
1164,4,86,45.4142,23.982,0.0638427,0.00189,0.0682032,0.00512917,0.0589008,0.00240301,0.0629338,0.00209332,0.461468,0.0435023,0.566311,0.0509657
1165,4,8594,793.872,73.3341,0.0683137,0.00350683,0.0714818,0.00315094,0.0582713,0.00310418,0.0670498,0.00355412,0.492321,0.03319,0.684805,0.0729829
1166,4,348,108.142,33.6055,0.0850331,0.0061835,0.0860662,0.0058237,0.0790899,0.00547831,0.0751107,0.00529823,0.446901,0.0189026,0.608477,0.00720736
1167,4,648,149.355,34.4244,0.0762363,0.0036949,0.0757263,0.00339371,0.0685364,0.00355598,0.0681591,0.00305544,0.480392,0.0476099,0.575158,0.0257237
1168,4,773,223.255,64.4796,0.0643899,0.00130692,0.0693279,0.0016445,0.0589412,0.00122891,0.0660426,0.00114851,0.43914,0.0270831,0.658937,0.0134365
1169,4,1983,327.882,54.2142,0.0696577,0.00334264,0.0694068,0.00400682,0.0649031,0.00418639,0.0653525,0.00274563,0.452375,0.032157,0.618565,0.0368653
1170,4,149,65.8995,29.1459,0.0639658,0.000996951,0.068187,0.00105964,0.0568895,0.00113042,0.0666048,0.00106191,0.438321,0.015097,0.534781,0.00637771
1171,4,95,50.2426,26.5718,0.0637121,0.00122838,0.0678054,0.00103869,0.0566675,0.0011591,0.0663754,0.00123355,0.471042,0.0267059,0.563442,0.0148129
1172,4,111,58.8284,31.1782,0.0651715,0.0040552,0.0671674,0.00488911,0.0625217,0.00671763,0.0638904,0.0041196,0.445363,0.0250889,0.614865,0.0335578
1173,4,161,61.5563,23.5353,0.0663156,0.00174671,0.0676339,0.00154849,0.0619281,0.00136458,0.0602213,0.00146163,0.455949,0.0251303,0.542513,0.0223354
1174,4,168623,8110.5,390.102,0.0687012,0.0107891,0.0695095,0.0118551,0.064554,0.0117497,0.0647628,0.0106766,0.486342,0.0373534,0.605665,0.0563389
1175,4,68,34.2426,17.2435,0.0700092,0.00122532,0.070539,0.00177561,0.0675026,0.00223222,0.0661404,0.00169087,0.456459,0.0306369,0.563692,0.00583039
1176,4,117,51.8995,23.0219,0.0678232,0.00111857,0.0679171,0.000974037,0.062465,0.00135273,0.0610411,0.000831189,0.451047,0.0165823,0.593035,0.0028468
1177,4,323,87.5563,23.7341,0.0630312,0.000990944,0.0671915,0.000948199,0.0567156,0.000961866,0.0658557,0.00098195,0.501342,0.0370449,0.618003,0.00432496
1178,4,181,79.8995,35.2703,0.0660479,0.00139234,0.0693011,0.00167908,0.0616308,0.00185339,0.0640163,0.00252807,0.446669,0.0209795,0.593325,0.0148102
1179,4,80,43.6569,23.824,0.064601,0.000928628,0.0696412,0.000826791,0.0584349,0.000943528,0.0670322,0.000923428,0.43848,0.0225285,0.53353,0.0114787
1180,4,196931,9404.17,449.083,0.0664023,0.00290362,0.0717081,0.00337984,0.0611899,0.00353329,0.0683211,0.00266285,0.474349,0.036984,0.613096,0.0511448
1181,4,369,146.385,58.0718,0.0658461,0.00114009,0.0700834,0.00126905,0.0573343,0.00120152,0.0686656,0.00126387,0.493236,0.0315529,0.61904,0.0368393
1182,4,145,59.6569,24.5444,0.0638354,0.00114601,0.0683044,0.00111756,0.0565377,0.00102549,0.0670013,0.00117805,0.494442,0.0362371,0.563653,0.00417413
1183,4,3642,561.238,86.4875,0.0684753,0.00973408,0.0739149,0.00838831,0.0600623,0.00621739,0.0701872,0.00698242,0.461637,0.0381752,0.635662,0.0330641
1184,4,9164,1031.14,116.026,0.0655926,0.00113986,0.0706062,0.00128828,0.0585413,0.00117689,0.0677305,0.0011798,0.46414,0.037394,0.61252,0.0370817
1185,4,9241,1238.9,166.094,0.0976999,0.0175785,0.0946083,0.020284,0.0896174,0.022958,0.0907646,0.0197633,0.491934,0.0322386,0.56582,0.0497307
1186,4,121,57.6569,27.4737,0.0633182,0.0017836,0.066519,0.00174759,0.0561321,0.00152213,0.0650596,0.00142706,0.466245,0.035507,0.643511,0.0223848
1187,4,226,68.3848,20.6924,0.0649315,0.00115997,0.0651855,0.00125848,0.0624313,0.00135548,0.0593086,0.00137988,0.460646,0.0274884,0.607331,0.0212102
1188,4,128,54.4853,23.1925,0.0652781,0.000981613,0.0699509,0.00102194,0.0580083,0.00088224,0.0670399,0.000892605,0.426011,0.0130605,0.710251,0.0186313
1189,4,141,47.8995,16.2721,0.065787,0.000973584,0.0705561,0.00101557,0.0585736,0.00116204,0.0676286,0.000986205,0.439549,0.0217342,0.666475,0.0188942
1190,4,53,26.8284,13.5805,0.0668172,0.00447679,0.0739544,0.00479547,0.065718,0.00316174,0.0697269,0.00355456,0.526748,0.0275699,0.587583,0.00937001
1191,4,115,62.2426,33.6882,0.0793854,0.0186233,0.0851273,0.020197,0.0797502,0.0240461,0.0821545,0.0202146,0.487809,0.031571,0.576557,0.0589695
1192,4,140,56.4853,22.7899,0.0704718,0.00287624,0.07391,0.00312596,0.070238,0.00350314,0.0718192,0.0027058,0.488207,0.0248177,0.515637,0.0099594
1193,4,115,58.2426,29.4974,0.0632885,0.00186019,0.0688173,0.00296351,0.0638343,0.00337041,0.0634866,0.00301713,0.43509,0.0188735,0.60094,0.0100924
1194,4,317,99.799,31.419,0.074831,0.00435782,0.0732239,0.00612234,0.0648335,0.00297635,0.068575,0.00419938,0.488279,0.0310892,0.534402,0.0246537
1195,4,139,74.2426,39.6545,0.0616707,0.00294659,0.0629604,0.00536806,0.0555378,0.00174795,0.0616897,0.00533769,0.470193,0.0364774,0.656475,0.0226829
1196,4,1520,368.125,89.1552,0.0657996,0.00122809,0.0710386,0.00118137,0.0592482,0.00118462,0.0693434,0.00130665,0.46282,0.0356734,0.634935,0.0255636
1197,4,58,26.8284,12.4097,0.0665633,0.00217357,0.0672814,0.00241577,0.0627908,0.00171311,0.0647912,0.00199498,0.486545,0.046073,0.574907,0.00605442
1198,4,192,79.8995,33.2496,0.0649363,0.00125589,0.064196,0.00338735,0.0575692,0.00155392,0.0624574,0.00355173,0.485968,0.0331983,0.584847,0.00892996
1199,4,79,36.2426,16.6269,0.0645352,0.000890882,0.0699548,0.000790972,0.058514,0.000953713,0.0669252,0.000733031,0.461901,0.0221896,0.499401,0.00390446
1200,4,186,93.0711,46.5711,0.0706461,0.00409101,0.0730803,0.00491442,0.0622596,0.0036592,0.0700027,0.00404589,0.459372,0.036549,0.616718,0.0261454
1201,4,386,124.385,40.0818,0.0602196,0.000812708,0.0596899,0.000864655,0.0562077,0.00102669,0.0583613,0.000781835,0.496495,0.0245715,0.531858,0.0318978
1202,4,92,54.2426,31.9811,0.0784559,0.00558808,0.0775849,0.0056393,0.0710627,0.00781762,0.0747216,0.00591706,0.476598,0.0323559,0.60047,0.0266613
1203,4,5483,602.894,66.2925,0.0831517,0.0129643,0.088185,0.01087,0.073267,0.00880176,0.0837661,0.0106316,0.475347,0.0387455,0.596766,0.0388186
1204,4,397,124.627,39.1234,0.0658577,0.00105012,0.0714705,0.00102849,0.0595223,0.00102311,0.0686218,0.00113629,0.442525,0.026711,0.635697,0.0184006
1205,4,630,206.527,67.7038,0.0930519,0.00786199,0.0926076,0.00751019,0.0896812,0.0092573,0.0901396,0.00730502,0.500535,0.0300328,0.586722,0.0101542
1206,4,91,37.8995,15.7843,0.0837248,0.003463,0.0821201,0.00552243,0.0761653,0.00719418,0.0786055,0.00619396,0.481405,0.0227727,0.602391,0.00479588
1207,4,486,178.385,65.4756,0.0651186,0.00174068,0.06999,0.00268048,0.0589448,0.00139298,0.068442,0.00260585,0.464843,0.0306692,0.56747,0.0287955
1208,4,88,31.8995,11.5634,0.0699831,0.00147899,0.076167,0.00149412,0.0638864,0.00121491,0.0733382,0.00160026,0.438815,0.014542,0.603271,0.0053851
1209,4,154,50.4853,16.5504,0.0649394,0.000962507,0.0686793,0.00116233,0.0573595,0.00099685,0.0670058,0.000981741,0.462516,0.0291662,0.636671,0.0079098
1210,4,54088,4199.09,325.994,0.0664722,0.00489108,0.0715977,0.00416716,0.0592626,0.00328267,0.0694297,0.00385135,0.487639,0.0363693,0.61352,0.0525324
1211,4,173,63.0711,22.994,0.0832227,0.0086618,0.080326,0.00679006,0.0730025,0.00858831,0.0775813,0.00680722,0.494503,0.0423935,0.588697,0.0178782
1212,4,58,26.2426,11.8737,0.0719987,0.000873004,0.076684,0.00076802,0.0646825,0.00088842,0.0744294,0.00073718,0.455105,0.025009,0.645387,0.00666779
1213,4,56,25.6569,11.7549,0.0707255,0.00108929,0.0686181,0.00249006,0.0569439,0.00171487,0.0660703,0.00305435,0.49888,0.0139382,0.502896,0.0139795
1214,4,57,26.2426,12.082,0.0650763,0.000657359,0.0697047,0.000803575,0.0581146,0.000805478,0.068547,0.000772749,0.504644,0.0347755,0.620792,0.00401637
1215,4,232,74.0416,23.63,0.0665593,0.000849962,0.072434,0.000955818,0.0600907,0.00107264,0.0691519,0.00101401,0.45551,0.032449,0.582741,0.0256408
1216,4,476,130.627,35.8477,0.0642234,0.000881013,0.0689539,0.000900643,0.0578163,0.000886308,0.0668018,0.000888315,0.447125,0.0306357,0.574438,0.0140421
1217,4,4759,608.25,77.7407,0.0647197,0.00272524,0.0687628,0.00325404,0.0594351,0.00253094,0.0666014,0.00317949,0.486752,0.0403853,0.621225,0.0716263
1218,4,382,79.2132,16.426,0.0647553,0.00123676,0.0694183,0.00110785,0.0597634,0.00103368,0.0642528,0.000980626,0.480105,0.037408,0.541726,0.0229868
1219,4,66,29.0711,12.805,0.0700925,0.00223021,0.0747891,0.00205755,0.0635269,0.00184038,0.0693304,0.00201786,0.438622,0.0151612,0.622441,0.00835972
1220,4,1043,171.113,28.0724,0.0828945,0.00260991,0.0834353,0.00261531,0.0657562,0.00282018,0.0808517,0.00296499,0.507112,0.0346302,0.536518,0.0208412
1221,4,118,62.2426,32.8317,0.0628393,0.00151772,0.0636744,0.00378266,0.0562164,0.00187877,0.0617789,0.00334435,0.477966,0.0299928,0.525538,0.014431
1222,4,204,94.4853,43.7621,0.0659653,0.00284437,0.070631,0.00293566,0.0587052,0.0019455,0.0688977,0.00231699,0.450654,0.0271633,0.637785,0.0186645
1223,4,169,63.0711,23.5382,0.0645336,0.000905695,0.0691383,0.000996598,0.0575009,0.000992427,0.067886,0.000942192,0.45706,0.0302048,0.626299,0.0054014
1224,4,134,61.6569,28.3699,0.0564897,0.000817587,0.0554883,0.00060837,0.0509508,0.000904031,0.0545354,0.000768894,0.479046,0.0193062,0.655658,0.0134733
1225,4,276,105.556,40.3701,0.070814,0.00665561,0.0712017,0.00672105,0.0561892,0.00268212,0.0695261,0.00643195,0.502785,0.040437,0.573835,0.0589525
1226,4,79,34.8284,15.3547,0.0625287,0.00072379,0.0671391,0.000776539,0.0553271,0.000862112,0.0659978,0.000778981,0.493373,0.0284988,0.637273,0.00543359
1227,4,179,73.0711,29.8289,0.0701366,0.00264377,0.0713466,0.00148713,0.0572748,0.00578556,0.0688012,0.00139728,0.46154,0.0275059,0.557074,0.0153534
1228,4,180,70.4853,27.601,0.0841417,0.00260872,0.0812286,0.00492385,0.0709685,0.00473156,0.0794409,0.00478641,0.509041,0.0263589,0.566179,0.00859691
1229,4,193,107.657,60.0518,0.063381,0.00106169,0.0683086,0.000999697,0.0567975,0.0011552,0.066998,0.000983125,0.466951,0.0322455,0.611434,0.0229789
1230,4,144,58.4853,23.7537,0.0631549,0.000916141,0.0684264,0.00109032,0.0572465,0.00107374,0.0670958,0.00105894,0.439624,0.0209238,0.593187,0.0379713
1231,4,60,27.4142,12.5257,0.0694165,0.000873527,0.0693647,0.00110174,0.0631037,0.00100933,0.067862,0.00112979,0.497124,0.030665,0.563851,0.0107844
1232,4,363,103.213,29.347,0.0643729,0.0012069,0.0687358,0.00121223,0.05852,0.00125512,0.0668644,0.001182,0.461481,0.0407434,0.707877,0.0159512
1233,4,284,95.3137,31.9884,0.0698335,0.0028759,0.0704591,0.00115412,0.054761,0.00160989,0.068315,0.00112918,0.485929,0.0331556,0.730039,0.0622483
1234,4,124,45.0711,16.3823,0.0697339,0.00185051,0.0686017,0.00135756,0.0525371,0.00103258,0.0669005,0.0014768,0.503605,0.0281386,0.660909,0.0194616
1235,4,107,41.8995,16.4072,0.0743815,0.00117782,0.0711939,0.000893065,0.053978,0.000938506,0.0693942,0.000985022,0.500971,0.0257746,0.621748,0.0103685
1236,4,114,44.1421,17.0924,0.0666005,0.00158455,0.0711798,0.00119587,0.0611468,0.00124041,0.0686873,0.00131916,0.43925,0.027576,0.706496,0.00335282
1237,4,267,101.314,38.4437,0.0652239,0.00149503,0.0694973,0.0024869,0.0594036,0.00183793,0.0674326,0.00218515,0.460836,0.0334471,0.636299,0.0543381
1238,4,181,103.657,59.3632,0.0652241,0.00124869,0.0677089,0.00138564,0.0588611,0.00170199,0.0663897,0.00148563,0.490239,0.0308922,0.565141,0.0269507
1239,4,137,65.8995,31.6989,0.0668327,0.0011944,0.0724797,0.00143335,0.0606713,0.00116275,0.0695479,0.00100238,0.446601,0.0250994,0.681002,0.0132503
1240,4,151,83.4142,46.079,0.0651655,0.00131663,0.0682907,0.00233803,0.0591309,0.00189145,0.0670173,0.002362,0.476717,0.0366977,0.601441,0.0433306
1241,4,50,25.4142,12.9176,0.071358,0.00124448,0.0713821,0.00123331,0.0650694,0.00107039,0.0699817,0.00119904,0.496941,0.0143562,0.582432,0.00854669
1242,4,141,76.8284,41.8625,0.0658136,0.00188851,0.0690745,0.00136088,0.0598191,0.00222095,0.0672162,0.00132733,0.469976,0.0420977,0.592007,0.0599645
1243,4,104,52.4853,26.4875,0.0683744,0.00507982,0.0723251,0.00295192,0.0618366,0.00417498,0.0708487,0.00265176,0.469042,0.0430735,0.546843,0.011713
1244,4,263,91.5563,31.8729,0.0647092,0.00101055,0.0693377,0.00102805,0.0591955,0.00117555,0.0673436,0.00115758,0.448118,0.0216742,0.56433,0.0203072
1245,4,428306,12274,351.735,0.0662518,0.00302533,0.0703193,0.00343879,0.0613257,0.00399786,0.0664429,0.0026528,0.488663,0.0343629,0.618741,0.0613225
1246,4,160,92.2426,53.1794,0.0697153,0.00586101,0.0729146,0.00405853,0.0624568,0.00477143,0.0712616,0.0035477,0.469853,0.0326168,0.659079,0.0877886
1247,4,156,93.6569,56.2282,0.0665251,0.00284955,0.0698222,0.00174877,0.0587544,0.00127078,0.0681137,0.00176375,0.444822,0.0267419,0.691225,0.0493884
1248,4,211,66.4853,20.9493,0.0636751,0.000961858,0.0680867,0.000991123,0.0578624,0.000935666,0.0666662,0.000990443,0.481089,0.0267832,0.569873,0.014408
1249,4,65,32,15.7538,0.0651865,0.00115039,0.069585,0.000906603,0.0592414,0.000926475,0.0672095,0.00104526,0.455686,0.0223135,0.539813,0.0102041
1250,4,273,112.971,46.7485,0.0636009,0.000885091,0.0678644,0.000942768,0.0575978,0.000965043,0.0665252,0.000967087,0.497177,0.0327043,0.55497,0.0254988
1251,4,308,126.142,51.6618,0.0654789,0.000872406,0.0696686,0.000896603,0.0592198,0.00102315,0.0682309,0.000999775,0.470703,0.0358296,0.699368,0.034528
1252,4,122,64.8284,34.4486,0.0651441,0.000908995,0.0693907,0.00106768,0.0590351,0.000893616,0.0683573,0.000909279,0.497396,0.0220662,0.571887,0.0313962
1253,4,497,239.799,115.701,0.0670407,0.00264626,0.0719134,0.00380412,0.0607541,0.00506222,0.0696732,0.00160228,0.485367,0.0347416,0.614294,0.0398878
1254,4,243,71.5563,21.0712,0.0746845,0.00149853,0.081041,0.00152476,0.0710992,0.00151188,0.0694427,0.00140481,0.45232,0.024342,0.654821,0.0147829
1255,4,145484,3900.44,104.571,0.0727716,0.00761781,0.078841,0.00753485,0.0665509,0.00672984,0.073272,0.00706858,0.491941,0.0346013,0.602291,0.0618256
1256,4,137,67.6569,33.412,0.0659441,0.000969187,0.0705058,0.00107759,0.0587234,0.00113418,0.0693505,0.00105174,0.496694,0.0272743,0.598836,0.0254523
1257,4,250,103.314,42.6949,0.0678213,0.00110763,0.0725499,0.00112811,0.0608967,0.0010643,0.0709929,0.00120641,0.508376,0.0277318,0.488108,0.00615718
1258,4,185,91.0711,44.8321,0.0668352,0.00117736,0.0715425,0.00117345,0.0605958,0.000984346,0.0682887,0.00284689,0.444303,0.0171414,0.583053,0.0927667
1259,4,138,57.8995,24.2924,0.0720641,0.00111431,0.0786155,0.00108348,0.0692146,0.00120723,0.0697862,0.00132318,0.44902,0.020362,0.542254,0.00959219
1260,4,637,157.355,38.8708,0.0684726,0.00127717,0.074687,0.00124027,0.06477,0.00133139,0.0628294,0.00138605,0.458423,0.0305943,0.612224,0.0274398
1261,4,331,181.899,99.962,0.0737628,0.00720739,0.0787946,0.00726265,0.068535,0.00753251,0.0728202,0.0095688,0.446075,0.0216969,0.643015,0.0612007
1262,4,209,62.4853,18.6814,0.0677696,0.000934715,0.0726234,0.00115312,0.061701,0.00117568,0.0710676,0.00115021,0.450549,0.0285436,0.525734,0.0121728
1263,4,101,47.6569,22.4869,0.0688848,0.00096735,0.0740026,0.00111415,0.063152,0.00125497,0.07273,0.00109189,0.48111,0.0251735,0.576398,0.0053569
1264,4,155,82,43.3806,0.0677974,0.000973087,0.0726078,0.00100346,0.0622793,0.00110893,0.0657714,0.00273312,0.443567,0.0218347,0.696469,0.048624
1265,4,119,72.8284,44.5713,0.0668393,0.00133853,0.0711523,0.00185258,0.0595795,0.00206546,0.0698979,0.00179871,0.473488,0.0313786,0.629116,0.0117779
1266,4,64,28.8284,12.9856,0.0693824,0.00112476,0.0729084,0.000897815,0.0624266,0.00113103,0.0668464,0.00098099,0.45288,0.0238942,0.579392,0.00665034
1267,4,162,64.7279,25.8624,0.0692523,0.00078374,0.0732074,0.00109784,0.0621945,0.00135209,0.0673338,0.00107807,0.445195,0.0172055,0.570195,0.0218912
1268,4,193,103.657,55.6722,0.0738696,0.0149492,0.0788597,0.016914,0.0692303,0.0174748,0.0771494,0.0159341,0.493894,0.0321185,0.602472,0.0525962
1269,4,72,42.2426,24.7839,0.0646391,0.000944819,0.0689232,0.000927593,0.0587358,0.000838416,0.0677473,0.000869781,0.472821,0.0203962,0.606982,0.00551686
1270,4,227,126.485,70.4781,0.0653668,0.00130741,0.0692734,0.0014102,0.0590955,0.00158099,0.0679303,0.00116716,0.464559,0.0239722,0.646535,0.0296487
1271,4,138,78.8284,45.0284,0.0643595,0.00150562,0.0680937,0.00141387,0.0574791,0.00146329,0.0670267,0.0014289,0.487923,0.0295764,0.599491,0.0491884
1272,4,76,40.2426,21.3088,0.0633818,0.000762702,0.0671094,0.000928575,0.056704,0.000942816,0.066086,0.000807294,0.480392,0.0371025,0.645804,0.0403365
1273,4,324,169.314,88.4788,0.0639162,0.00119002,0.0676245,0.00113264,0.0570901,0.0012219,0.0665758,0.00107993,0.481009,0.028754,0.607608,0.0411036
1274,4,197,125.657,80.1505,0.0647877,0.000930803,0.0688839,0.000974909,0.0589669,0.00130497,0.067777,0.00100698,0.479805,0.0345495,0.6256,0.0139331
1275,4,104,45.0711,19.5327,0.0638189,0.000764342,0.0678436,0.000831264,0.0578867,0.000992728,0.0667671,0.000784461,0.480166,0.0316906,0.580691,0.011198
1276,4,75,42,23.52,0.0634733,0.00103937,0.0673022,0.000897999,0.0569902,0.00111998,0.0660895,0.000885225,0.489098,0.0254756,0.601982,0.0306208
1277,4,163,65.0711,25.977,0.064157,0.00082475,0.0680887,0.000889418,0.0572114,0.000862098,0.0669805,0.000822595,0.496884,0.025157,0.638783,0.00571202
1278,4,230,91.5563,36.4459,0.0644168,0.00100291,0.0684735,0.000967262,0.0585036,0.00102658,0.0671399,0.00105333,0.496215,0.0281024,0.658373,0.0302324
1279,4,71,40.8284,23.4783,0.0634269,0.000818444,0.0679832,0.000887646,0.057748,0.000927047,0.0668555,0.000824636,0.474565,0.0173327,0.609536,0.0109312
1280,4,232,87.8995,33.3031,0.0636403,0.000811193,0.0675345,0.000878445,0.0567695,0.00101668,0.0663636,0.000868959,0.499865,0.0253516,0.626631,0.0241447
1281,4,188,103.899,57.4208,0.0645615,0.00092958,0.0688497,0.00100937,0.0583095,0.00111238,0.0677971,0.00102986,0.46965,0.0354563,0.600776,0.0205477
1282,4,279,140.728,70.9833,0.0648542,0.00340791,0.0686906,0.00304612,0.0578764,0.00290728,0.0675477,0.00315131,0.506178,0.0277072,0.537877,0.0265587
1283,4,122,45.6569,17.0865,0.063333,0.000905524,0.0676037,0.000794081,0.0570742,0.000891026,0.0662908,0.000803843,0.484282,0.0263796,0.583407,0.00922759
1284,4,222,119.657,64.4944,0.0649538,0.00264247,0.0689037,0.0027251,0.0589062,0.00216683,0.0677914,0.0027808,0.494542,0.0248961,0.612765,0.031325
1285,4,59,27.6569,12.9644,0.0638104,0.000825682,0.0675624,0.000920333,0.057142,0.000721679,0.0665633,0.000827061,0.486208,0.0278188,0.555657,0.00574664
1286,4,67,40.8284,24.88,0.0672346,0.00112646,0.0708629,0.00120919,0.0597839,0.000956736,0.0696389,0.00121969,0.514018,0.0229398,0.592376,0.0071381
1287,4,99,55.6569,31.2898,0.0664907,0.0035285,0.0705179,0.00379147,0.0599066,0.00373577,0.0695088,0.00372857,0.489206,0.0302192,0.683388,0.0275511
1288,4,243,137.657,77.9811,0.0665059,0.00259553,0.0707858,0.00258757,0.0602336,0.00247623,0.0696973,0.00257914,0.506592,0.0511137,0.622595,0.0350635
1289,4,181,105.071,60.9941,0.0639089,0.00114324,0.0681798,0.0010813,0.0576198,0.000992202,0.0669475,0.0011685,0.491561,0.0282384,0.630805,0.0394036
1290,4,106,56.8284,30.4667,0.0629355,0.00103492,0.0664113,0.00120728,0.0572899,0.00105958,0.0653863,0.00122515,0.495561,0.03088,0.674592,0.0190237
1291,4,148,81.4142,44.7856,0.0637298,0.00120833,0.0678765,0.001207,0.0573194,0.00114259,0.0666445,0.00123372,0.49531,0.0306476,0.621713,0.0105668
1292,4,129,50.2426,19.5684,0.064298,0.00093289,0.0682319,0.000980491,0.0578936,0.00104086,0.0670973,0.000953186,0.480681,0.025159,0.595852,0.0125005
1293,4,1871,506.61,137.175,0.0641387,0.00105017,0.0682277,0.00105532,0.0577475,0.00103179,0.0669938,0.00110061,0.495595,0.0290175,0.619838,0.0364126
1294,4,61,34.8284,19.8856,0.0638368,0.00104762,0.0680256,0.0011507,0.0575591,0.000947364,0.0666732,0.00105569,0.506718,0.012625,0.650642,0.00823853
1295,4,127,57.8995,26.3965,0.0636889,0.00117806,0.0677193,0.0010218,0.0571986,0.00108771,0.066668,0.00108641,0.49279,0.0301773,0.629708,0.00651512
1296,4,503,170.87,58.0449,0.064,0.00113653,0.068092,0.00107764,0.0573988,0.0010749,0.0669126,0.00119437,0.499193,0.0289342,0.608713,0.0241522
1297,4,147,64.2426,28.0756,0.0642671,0.00106035,0.0688704,0.000989771,0.0582205,0.0010628,0.0673995,0.00094038,0.496545,0.0311562,0.547849,0.0461878
1298,4,143,84.2426,49.6281,0.0655403,0.00296991,0.0694329,0.00268649,0.0585396,0.00229676,0.0681701,0.0028092,0.481475,0.0313157,0.590484,0.0287891
1299,4,72,31.4142,13.7063,0.0639017,0.000755673,0.0677286,0.000742561,0.0576223,0.000781364,0.0666796,0.000870365,0.528758,0.0312976,0.595439,0.00864536
1300,4,151,80.8284,43.2665,0.0651518,0.00117847,0.0692895,0.0011116,0.0584472,0.00104224,0.0680195,0.00126611,0.496299,0.023799,0.624978,0.0108831
1301,4,270,136.142,68.647,0.0658805,0.00104514,0.0697121,0.00112942,0.0588566,0.00125679,0.0685779,0.00109736,0.495948,0.0287019,0.62988,0.0267082
1302,4,53905,2783.12,143.692,0.0692541,0.00495923,0.0718191,0.00503144,0.0631659,0.00540808,0.0695303,0.00472619,0.494492,0.0317208,0.653146,0.049219
1303,4,123,64.2426,33.5538,0.0687537,0.00292042,0.0719584,0.00383911,0.0624395,0.00293494,0.070637,0.00371018,0.480344,0.0344801,0.585421,0.0107312
1304,4,118,70.4853,42.1032,0.0658764,0.0010281,0.0686364,0.000895207,0.0605653,0.000957602,0.0673315,0.000971834,0.493021,0.0366274,0.604272,0.0159913
1305,4,71,34.2426,16.5149,0.0667269,0.000764237,0.0691563,0.0011233,0.0596598,0.000905902,0.067648,0.00125782,0.509473,0.0284221,0.561477,0.00281343
1306,4,126,76.8284,46.8461,0.0655574,0.00146861,0.0648711,0.00331668,0.0587957,0.00133936,0.0636705,0.00328483,0.496141,0.0215119,0.611594,0.0556899
1307,4,55,34.8284,22.0549,0.0659564,0.000948263,0.0642871,0.00136815,0.0583365,0.00154419,0.0630217,0.00138835,0.473369,0.0233585,0.559951,0.0127587
1308,4,313,151.071,72.9152,0.0660864,0.00162988,0.0684883,0.00148067,0.0590834,0.00139519,0.0672077,0.00158301,0.479196,0.0277714,0.563919,0.0823553
1309,4,178,75.5563,32.0717,0.0668772,0.00105926,0.0646172,0.00196625,0.0587908,0.00158661,0.0630074,0.00191258,0.504362,0.03257,0.584839,0.018469
1310,4,137,69.8995,35.6638,0.0654807,0.00119842,0.0686685,0.00115043,0.0589224,0.00119412,0.0675829,0.00116747,0.472993,0.0253184,0.545374,0.0108903
1311,4,112,60.8284,33.0366,0.067195,0.00279009,0.0668778,0.00494965,0.0593094,0.00204764,0.0652486,0.00527691,0.519643,0.0276553,0.607625,0.0104017
1312,4,139,51.6569,19.1973,0.0659387,0.00127029,0.0630514,0.00215363,0.0589808,0.00183433,0.0616227,0.00186003,0.510199,0.0301801,0.587449,0.00463962
1313,4,130,48.4853,18.0832,0.0646473,0.00073496,0.0621346,0.00155074,0.0564888,0.00119202,0.0606648,0.00143039,0.50724,0.0274109,0.591216,0.0120067
1314,4,82,46.8284,26.7427,0.0649568,0.00129601,0.0665126,0.00373379,0.0578554,0.00118101,0.0655736,0.00365952,0.49297,0.0257409,0.599209,0.028332
1315,4,466,152.627,49.9895,0.0655722,0.00139772,0.0633874,0.00161907,0.0610641,0.00180488,0.0620275,0.00155458,0.495557,0.0254421,0.689088,0.0295034
1316,4,750,220.184,64.6412,0.0675581,0.00127641,0.0651974,0.00214142,0.0599016,0.00182589,0.0633297,0.00216889,0.503927,0.0257129,0.647288,0.0431337
1317,4,89009,3717.85,155.292,0.0650444,0.00334409,0.0629841,0.00354962,0.062358,0.00386629,0.0606479,0.00349369,0.495581,0.0315314,0.590528,0.0516258
1318,4,100,44.4853,19.7894,0.0654206,0.000790205,0.063369,0.00103592,0.0602887,0.000946481,0.0618153,0.000772523,0.518039,0.0224422,0.499662,0.00818516
1319,4,75,46.8284,29.2387,0.0623092,0.00140143,0.061899,0.00135455,0.0565976,0.00106529,0.060779,0.00123448,0.488575,0.0308459,0.708108,0.0165873
1320,4,56,36.8284,24.2202,0.0609151,0.000839147,0.0603714,0.000702031,0.0557608,0.000821035,0.0594188,0.000666691,0.473109,0.0219151,0.70222,0.0058316
1321,4,27560,1553.43,87.5595,0.0683209,0.00453312,0.0683493,0.00477257,0.0638138,0.00491151,0.0659409,0.00432853,0.490818,0.03239,0.649156,0.0557643
1322,4,775,171.213,37.8245,0.0803314,0.00504194,0.074889,0.00699995,0.0655306,0.0070003,0.0722684,0.00668193,0.490717,0.0288565,0.557969,0.0234173
1323,4,424,184.042,79.8852,0.0652863,0.00174684,0.0642009,0.00264275,0.0610177,0.00152499,0.0627615,0.00253998,0.495718,0.0296931,0.544684,0.0398718
1324,4,133,66.2426,32.9931,0.0684416,0.00453736,0.067557,0.00300692,0.0605347,0.00326024,0.0661005,0.00260476,0.517677,0.0212765,0.587889,0.0186657
1325,4,557,167.456,50.3437,0.0813085,0.00637858,0.0783629,0.00661085,0.0705128,0.00687127,0.0756359,0.00615825,0.494294,0.0268854,0.652955,0.038662
1326,4,201,108.828,58.9235,0.069802,0.00353447,0.0692974,0.00259903,0.0623623,0.00329046,0.067859,0.00247718,0.484558,0.0293457,0.592141,0.0531995
1327,4,132,67.0711,34.0798,0.0760966,0.0222484,0.0794355,0.0200881,0.0649964,0.0144995,0.0737178,0.0164668,0.490998,0.0242787,0.534244,0.0517274
1328,4,89330,3328.7,124.037,0.0723897,0.00502238,0.0744933,0.00529052,0.0659812,0.00563119,0.0715546,0.00510365,0.493611,0.0330038,0.626393,0.065606
1329,4,1225,320.326,83.7622,0.0773168,0.0206209,0.0815829,0.0176219,0.0660126,0.0126123,0.0760491,0.0152167,0.491041,0.0355507,0.570866,0.0334952
1330,4,104,39.6569,15.1218,0.0738536,0.00106707,0.076874,0.00110964,0.066825,0.00103319,0.0755067,0.00111325,0.500075,0.0249625,0.666125,0.00474183
1331,4,31057,1338.07,57.6501,0.0685983,0.00439246,0.0664085,0.00465967,0.0661607,0.00450736,0.0637211,0.00501278,0.495218,0.0314325,0.632588,0.0583777
1332,4,140,64.4853,29.7025,0.0804973,0.00491568,0.0770405,0.0061352,0.0698698,0.00628595,0.074876,0.00581731,0.484986,0.0250904,0.662017,0.00829373
1333,4,84,46.8284,26.106,0.0669512,0.00496803,0.066159,0.00419087,0.0638729,0.0034111,0.0649647,0.00395697,0.492344,0.0257397,0.672941,0.00752682
1334,4,230,132,75.7565,0.0744444,0.01211,0.0744787,0.011258,0.068018,0.0122196,0.0728195,0.0108267,0.491986,0.0269979,0.666481,0.0378804
1335,4,72,29.6569,12.2157,0.0637284,0.00146739,0.0727422,0.000771957,0.0582532,0.000846553,0.0687593,0.00170325,0.561438,0.0179946,0.648461,0.00490508
1336,4,131,49.3137,18.5637,0.0764544,0.00218443,0.0709615,0.00440725,0.0591903,0.0018861,0.0667898,0.00397097,0.503068,0.0308947,0.648649,0.000834867
1337,4,324,125.556,48.6555,0.0643547,0.00101224,0.067748,0.00102231,0.0577568,0.00100586,0.066635,0.00108117,0.49114,0.0311183,0.617305,0.0245656
1338,4,137,45.0711,14.8277,0.0766285,0.0147815,0.0834532,0.0119757,0.0662077,0.008632,0.0774791,0.00999916,0.459797,0.0335805,0.602338,0.0104401
1339,4,243,120.485,59.7395,0.0695564,0.003259,0.0688887,0.0019701,0.0611849,0.00250592,0.067372,0.00197098,0.505479,0.0225522,0.635497,0.0355804
1340,4,304,96.7279,30.7773,0.0628295,0.000841717,0.0666788,0.000803313,0.0574771,0.000890239,0.0655141,0.000819455,0.485255,0.0288109,0.605908,0.021945
1341,4,204,92.3848,41.838,0.0731365,0.00387197,0.0712503,0.00482815,0.0626062,0.0029457,0.0685114,0.00429374,0.504537,0.0243698,0.688858,0.0321947
1342,4,51,24.8284,12.0873,0.0627572,0.000686499,0.0665778,0.000811116,0.0570003,0.0008773,0.0653676,0.000635628,0.489043,0.0127912,0.587573,0.00481708
1343,4,52,24.8284,11.8548,0.0674773,0.000764628,0.0663677,0.00121094,0.058544,0.00105261,0.0650916,0.00115262,0.497059,0.0239884,0.554184,0.0117398
1344,4,190,82.4853,35.8096,0.0742583,0.00324092,0.0703158,0.00554893,0.0635319,0.00750234,0.0677466,0.00556969,0.501754,0.0224836,0.543634,0.067502
1345,4,118,45.0711,17.2153,0.0742669,0.0027252,0.0729246,0.00311867,0.0625266,0.00228702,0.0700658,0.00308315,0.505085,0.0312333,0.646473,0.00674996
1346,4,165,63.3137,24.2947,0.0736412,0.00580547,0.0713259,0.00487719,0.0603141,0.00328204,0.0690439,0.00413103,0.491361,0.0269809,0.623751,0.0147435
1347,4,231,74.3848,23.9528,0.0701022,0.00190222,0.0689547,0.00265098,0.0597554,0.00170971,0.0670293,0.00240074,0.50247,0.0238052,0.655405,0.00499021
1348,4,146,71.6569,35.1692,0.068443,0.0012925,0.0716091,0.00112106,0.0599821,0.000947349,0.0703323,0.00106922,0.507575,0.0369473,0.71182,0.0153058
1349,4,92,46.2426,23.2433,0.0799565,0.0111055,0.0832461,0.013624,0.0710972,0.00534879,0.0758619,0.0081132,0.450469,0.0208251,0.610165,0.0170451
1350,4,5579,806.35,116.544,0.0676429,0.00141618,0.0714108,0.00147422,0.0603017,0.00150722,0.0697482,0.00149235,0.492508,0.0360203,0.671563,0.0386974
1351,4,167,88.2426,46.6273,0.0685819,0.00345941,0.0697588,0.00449505,0.0595494,0.00148239,0.0682105,0.00431423,0.500904,0.0374683,0.606652,0.0223194
1352,4,65,28.8284,12.7858,0.0660284,0.000750181,0.0644143,0.000856799,0.0619257,0.00113009,0.0627356,0.00103699,0.469442,0.022551,0.577755,0.00412671
1353,4,160,80.2426,40.243,0.0694585,0.00387674,0.0695183,0.0048483,0.0638811,0.00401253,0.0680318,0.00464211,0.477279,0.0273689,0.602829,0.0343423
1354,4,221,119.414,64.5238,0.0688561,0.00391312,0.0687606,0.00493162,0.0602594,0.00332479,0.0671801,0.00490528,0.480508,0.0231403,0.551272,0.0362227
1355,4,142,49.3137,17.1256,0.0726765,0.000919382,0.0735857,0.00120594,0.0639231,0.00112987,0.0721408,0.00109529,0.476885,0.0210976,0.610059,0.00967523
1356,4,120,68.2426,38.8088,0.0704295,0.00309586,0.0715312,0.00347398,0.0625875,0.00368004,0.0700373,0.00347599,0.497092,0.0421363,0.540991,0.0225911
1357,4,3721,393.338,41.5788,0.0781366,0.0215364,0.0837212,0.0189315,0.0692693,0.0138006,0.0761453,0.0154693,0.481197,0.0337418,0.587161,0.0301752
1358,4,108,45.0711,18.8093,0.0649895,0.000890385,0.0624625,0.000993429,0.060409,0.000967346,0.0608766,0.000833608,0.471786,0.0271404,0.651089,0.00515714
1359,4,258,96.4853,36.083,0.0676866,0.00232052,0.067935,0.00313466,0.0607372,0.00176572,0.0668216,0.00315573,0.483645,0.0296726,0.577807,0.0385319
1360,4,88,44.8284,22.8362,0.0666847,0.00256475,0.0678659,0.00427296,0.0596209,0.00132487,0.0665917,0.00405027,0.496257,0.0457975,0.65149,0.0312754
1361,4,77,34.2426,15.228,0.0608002,0.000722508,0.0645519,0.000589357,0.0556037,0.000825018,0.0634974,0.00058383,0.470079,0.0167497,0.635749,0.00270749
1362,4,60,28.8284,13.8513,0.058861,0.000529527,0.0566053,0.000694359,0.0552207,0.000832936,0.0554766,0.000496432,0.498366,0.0334162,0.636712,0.012297
1363,4,93,45.6569,22.4145,0.0673527,0.00155442,0.0698685,0.00165868,0.0591865,0.00131565,0.0679764,0.00149881,0.474974,0.0404522,0.726969,0.050361
1364,4,98,39.0711,15.577,0.0831556,0.00150027,0.0821819,0.00358476,0.0684756,0.00199265,0.0787851,0.00311625,0.510844,0.019724,0.521098,0.011391
1365,4,75,48.8284,31.7895,0.0715097,0.00388117,0.0696358,0.00513331,0.0644248,0.00112192,0.0680542,0.0050697,0.502536,0.0243911,0.642072,0.0887786
1366,4,174,76.7279,33.8343,0.0718462,0.00262259,0.0716923,0.00312366,0.0613273,0.00210056,0.0703291,0.00290158,0.504215,0.022081,0.538405,0.00521404
1367,4,237,83.6569,29.5294,0.0736914,0.00247448,0.0721936,0.00397628,0.0603497,0.00380849,0.0704791,0.00410369,0.497295,0.0253718,0.519301,0.012298
1368,4,69,28.4853,11.7596,0.0665715,0.00113235,0.0706128,0.00104579,0.0601617,0.00102941,0.0687704,0.00109144,0.493095,0.043169,0.675774,0.00749869
1369,4,117,64.2426,35.2745,0.0654001,0.00150941,0.0637444,0.00314947,0.0571262,0.00125614,0.0622968,0.00329711,0.473538,0.0267693,0.592862,0.0262827
1370,4,105,49.6569,23.4838,0.067365,0.00158639,0.0707584,0.00311538,0.0604431,0.00148347,0.0691065,0.00320669,0.475742,0.0325067,0.607786,0.0859761
1371,4,64,34.8284,18.9534,0.0666164,0.00106106,0.0674518,0.00124988,0.0576657,0.00109297,0.0663496,0.00121983,0.507782,0.0210612,0.696263,0.00740452
1372,4,86,33.6569,13.1719,0.0712968,0.000964701,0.0743414,0.00109101,0.0620696,0.00118486,0.073082,0.00116896,0.490378,0.0211344,0.665776,0.0056152
1373,4,584,139.113,33.1376,0.0687551,0.00185794,0.0726498,0.00170066,0.0620054,0.00189354,0.0691883,0.00260782,0.472576,0.0306997,0.668178,0.0268136
1374,4,61,28.8284,13.6242,0.0725771,0.000807244,0.0717765,0.00130469,0.0607013,0.000747325,0.0705059,0.00115334,0.499325,0.0146512,0.623505,0.00648906
1375,4,113566,5872.13,303.629,0.0739852,0.0144091,0.0799059,0.0131453,0.0660008,0.0105504,0.074592,0.0120097,0.495596,0.0326372,0.597051,0.0529808
1376,4,75,35.4142,16.7222,0.0646384,0.000987523,0.0692915,0.00112497,0.0578759,0.00120424,0.0669956,0.00108054,0.49715,0.0384531,0.618829,0.0140043
1377,4,127,64.2426,32.497,0.0655703,0.00188258,0.069347,0.00111513,0.0586694,0.00142543,0.0679761,0.00112116,0.492265,0.0222591,0.62492,0.0236485
1378,4,114,61.6569,33.3471,0.0698517,0.00465974,0.0718394,0.00323663,0.0609579,0.0032766,0.0702745,0.00321032,0.492845,0.0246083,0.685574,0.0591901
1379,4,100,53.6569,28.7906,0.0635071,0.00115951,0.0688696,0.00133685,0.0570755,0.00112101,0.0676428,0.0014838,0.49149,0.0236536,0.657365,0.0174449
1380,4,115,57.0711,28.3227,0.0717871,0.00232532,0.0687525,0.00234505,0.0630799,0.00236538,0.0668944,0.00243365,0.502813,0.0266515,0.588543,0.0160235
1381,4,135019,3881.29,111.573,0.0676827,0.00492033,0.0652698,0.00517987,0.0651821,0.0053793,0.0622576,0.0049349,0.490602,0.0312893,0.59548,0.0539365
1382,4,200,62.4853,19.5221,0.0664859,0.00192647,0.0641977,0.00225741,0.0611851,0.00261297,0.0621343,0.00194119,0.498804,0.0283893,0.515507,0.00772748
1383,4,133,48.4853,17.6754,0.0681021,0.00130684,0.0660119,0.00174456,0.0620433,0.00205654,0.0645628,0.00181512,0.506148,0.0279051,0.498578,0.00342155
1384,4,240,76.1421,24.1568,0.0684285,0.00213908,0.0646323,0.00263292,0.0608299,0.0014899,0.06254,0.00223366,0.521879,0.0196332,0.492371,0.00942517
1385,4,82,44.8284,24.5072,0.0765959,0.000824519,0.0741247,0.00203267,0.0663529,0.00118606,0.0718418,0.00207897,0.478001,0.0256644,0.594924,0.00614416
1386,4,1747,370.108,78.4085,0.0730558,0.00534276,0.0755207,0.00429674,0.0589649,0.00301189,0.0684825,0.00714201,0.4875,0.0323015,0.641258,0.0348032
1387,4,85,38.8284,17.737,0.0674422,0.00120105,0.0661245,0.00169018,0.0645392,0.00181942,0.064772,0.00125914,0.49887,0.0102984,0.553975,0.0139629
1388,4,456,102.527,23.0521,0.07717,0.00215446,0.0800919,0.00195125,0.0632784,0.00240814,0.076196,0.00303893,0.475972,0.0310737,0.744606,0.0142331
1389,4,107,50.4853,23.8202,0.0674521,0.00236421,0.0663373,0.00151107,0.0637291,0.00134151,0.0642221,0.00125519,0.506982,0.0330885,0.521533,0.0296632
1390,4,978,235.841,56.872,0.089347,0.010742,0.0875653,0.0115463,0.0782945,0.00931904,0.0847937,0.0108017,0.505201,0.0286831,0.697397,0.0662922
1391,4,121,70.8284,41.4601,0.07301,0.0101243,0.0733806,0.0123854,0.0669689,0.00983594,0.0713268,0.0120982,0.498979,0.0332795,0.660264,0.0875096
1392,4,211,66.7279,21.1024,0.0640504,0.00117047,0.0612662,0.00148529,0.0578032,0.0011989,0.0594604,0.00121669,0.492333,0.0270003,0.649417,0.0195988
1393,4,1859,387.48,80.7644,0.0804168,0.00616271,0.0768667,0.00827537,0.0653757,0.00760883,0.0735883,0.0075796,0.496082,0.0307139,0.695237,0.0514208
1394,4,91,44.8284,22.0834,0.0683543,0.00186869,0.0641939,0.00235656,0.0589616,0.00213157,0.0619084,0.00169054,0.46003,0.0177931,0.559474,0.0346738
1395,4,125,60.4853,29.2678,0.0758554,0.0063894,0.0759802,0.00806033,0.070766,0.00696286,0.0743557,0.0078059,0.510337,0.0254744,0.683622,0.0470927
1396,4,231,95.3137,39.3277,0.0698189,0.00298616,0.0670687,0.00423834,0.0629185,0.00366876,0.0656032,0.00433114,0.497751,0.0321458,0.682959,0.0350517
1397,4,336,118.627,41.8823,0.068457,0.00105726,0.0648261,0.00191814,0.0602012,0.00193375,0.0633883,0.0019089,0.479715,0.0253443,0.618847,0.0345145
1398,4,99,52.2426,27.5686,0.0699348,0.00227274,0.0687644,0.00509257,0.0587423,0.00124477,0.066665,0.00419381,0.485284,0.0385539,0.53549,0.0256858
1399,4,212,91.799,39.7503,0.0708681,0.00154687,0.0703563,0.00202305,0.0641469,0.00378006,0.0684678,0.0018403,0.480448,0.0207701,0.607375,0.056169
1400,4,355,128.77,46.7087,0.0793802,0.00173389,0.0784293,0.00350618,0.0680467,0.00276921,0.0761399,0.00336649,0.498735,0.0306884,0.647849,0.0166553
1401,4,223,79.3137,28.2093,0.0636091,0.000942931,0.0608395,0.00121493,0.0596189,0.00140757,0.0594576,0.000923715,0.49155,0.0281743,0.598534,0.0131932
1402,4,55,26.8284,13.0866,0.068731,0.00121506,0.0720117,0.00102759,0.0550361,0.000941124,0.0632784,0.00199102,0.469733,0.0237623,0.610688,0.00352647
1403,4,229,78.6274,26.9968,0.0700184,0.00159049,0.0731942,0.00132787,0.0578403,0.00127831,0.0693507,0.00189304,0.497508,0.0242806,0.495309,0.00779269
1404,4,4309,666.375,103.053,0.0672184,0.00475408,0.0715789,0.00314448,0.0572154,0.00234169,0.0626188,0.00690089,0.491312,0.0326047,0.624245,0.0638164
1405,4,198,76.7279,29.7332,0.0671561,0.000892723,0.0648222,0.00106992,0.0641297,0.00146003,0.0637884,0.000941533,0.482472,0.0283718,0.601897,0.0171036
1406,4,55,26.8284,13.0866,0.0652822,0.000764921,0.0639061,0.000639224,0.0632758,0.000949746,0.0625615,0.000550141,0.503387,0.0200989,0.752826,0.00952862
1407,4,120,64.2426,34.3926,0.0675426,0.000640619,0.0670294,0.000699046,0.0660048,0.000827829,0.0657516,0.000552412,0.496405,0.0283945,0.634178,0.0331046
1408,4,109,53.3137,26.0766,0.0702717,0.00158916,0.0736072,0.0013635,0.0568928,0.00135945,0.0701436,0.00224222,0.499406,0.0389173,0.557587,0.0128003
1409,4,74,33.0711,14.7797,0.0619888,0.000793987,0.060612,0.000694176,0.0599295,0.00118815,0.0592536,0.000677696,0.489348,0.0161725,0.661797,0.0059707
1410,4,137,69.6569,35.4166,0.064491,0.00153696,0.0614136,0.00150398,0.058153,0.00168569,0.0595894,0.0010844,0.490511,0.0277502,0.614322,0.0379513
1411,4,88,46.8284,24.9193,0.0653129,0.0014131,0.0634958,0.00200084,0.060915,0.00104224,0.0623309,0.00208106,0.510829,0.0243936,0.635135,0.0104377
1412,4,108,56.2426,29.2892,0.0663793,0.00248862,0.0657523,0.00252305,0.0619171,0.00246738,0.0645263,0.00232313,0.503958,0.0288595,0.661537,0.00732918
1413,4,755,210.284,58.5688,0.0670853,0.00184523,0.0654158,0.00233664,0.0616799,0.00207691,0.0640426,0.00225579,0.502413,0.0265564,0.666368,0.0245552
1414,4,104,52.2426,26.2432,0.0644044,0.000637781,0.0626555,0.000874041,0.0589951,0.00113773,0.0614396,0.000805224,0.493175,0.0290246,0.63442,0.0120693
1415,4,233,89.0711,34.05,0.0668919,0.00069996,0.065817,0.00126974,0.0618151,0.00156174,0.0645962,0.00112296,0.488765,0.0283162,0.714215,0.012757
1416,4,114,51.0711,22.8794,0.0667026,0.000809513,0.0644821,0.00147151,0.060912,0.00122196,0.0627078,0.00141872,0.489921,0.0131479,0.697843,0.0172499
1417,4,237,78.1421,25.7645,0.075237,0.00443445,0.0742831,0.00470839,0.0594573,0.00178722,0.0707987,0.00411527,0.476016,0.0258903,0.568508,0.0397401
1418,4,167,95.4142,54.5142,0.0659308,0.00139023,0.0681895,0.00407447,0.0598242,0.00131967,0.066872,0.00419237,0.515745,0.0293992,0.688097,0.0239752
1419,4,143,83.6569,48.9403,0.0665304,0.00277505,0.0660753,0.00518986,0.059698,0.00183328,0.0650451,0.00520158,0.482655,0.029562,0.643309,0.0221135
1420,4,470,153.799,50.3279,0.0670774,0.0057511,0.0650131,0.00775963,0.0631367,0.00467951,0.0639448,0.0075928,0.486174,0.0260929,0.666173,0.0210123
1421,4,112,51.4142,23.602,0.0649325,0.000954184,0.0626024,0.000702636,0.061453,0.000810287,0.0614364,0.000586016,0.509699,0.0222422,0.646597,0.0289331
1422,4,984539,24083.6,589.129,0.0882852,0.0318873,0.0871804,0.0332275,0.0864111,0.0333195,0.0823723,0.0317658,0.489553,0.0359384,0.625973,0.0584774
1423,4,161,74.7279,34.6849,0.0644005,0.000682575,0.0623968,0.000658144,0.0606882,0.000815041,0.0612501,0.000622745,0.472537,0.0410952,0.645081,0.0397142
1424,4,114,64.2426,36.2028,0.0701731,0.00876626,0.0723681,0.0121048,0.065287,0.006046,0.0713051,0.0121131,0.505126,0.0321283,0.584459,0.0257562
1425,4,56,25.6569,11.7549,0.0705152,0.000910947,0.0732033,0.00135207,0.0609934,0.000913634,0.0713923,0.000970771,0.501541,0.022377,0.587476,0.00152141
1426,4,17183,1288.48,96.6169,0.0650295,0.00255461,0.0642225,0.00271726,0.0618935,0.00271092,0.0622018,0.00282438,0.498002,0.0306034,0.60205,0.0449895
1427,4,808,232.527,66.9168,0.0693294,0.012204,0.0713685,0.0117101,0.0593348,0.0085464,0.0684336,0.00987949,0.500679,0.0387621,0.526032,0.0626025
1428,4,98,60.8284,37.7561,0.0633463,0.0017066,0.0628102,0.00166585,0.0587587,0.00103951,0.0615601,0.00172833,0.489196,0.0305839,0.555916,0.0284181
1429,4,258,115.556,51.7569,0.0669111,0.00211668,0.0656238,0.00128849,0.0651493,0.00360028,0.0643157,0.00118789,0.485241,0.0325549,0.554499,0.0378962
1430,4,24226,1432.07,84.6542,0.0659539,0.00159692,0.0677978,0.00179627,0.0604854,0.00186277,0.065761,0.00180571,0.491622,0.0323969,0.620205,0.0528637
1431,4,96,48.8284,24.8356,0.0745692,0.00647505,0.0734719,0.00334986,0.0695065,0.00751587,0.0721448,0.00331849,0.478472,0.0229189,0.543849,0.0223458
1432,4,119,54.2426,24.7249,0.068214,0.0098195,0.0697245,0.0061308,0.0624383,0.0117888,0.0673601,0.00631655,0.485582,0.0276814,0.551499,0.080901
1433,4,4691,801.865,137.068,0.066079,0.00374871,0.0674143,0.00350785,0.060639,0.00262582,0.065951,0.00274774,0.500894,0.0295934,0.641212,0.0292892
1434,4,96,52.8284,29.0713,0.0609554,0.00140698,0.0650527,0.00138435,0.0529262,0.00115028,0.0634881,0.00147062,0.511029,0.0148825,0.487472,0.00497084
1435,4,51,26.8284,14.113,0.06946,0.000892141,0.0662011,0.000845357,0.0654793,0.000977093,0.0641098,0.000963435,0.458977,0.0221832,0.579889,0.00943348
1436,4,272,136.485,68.4861,0.0667095,0.00459329,0.0659158,0.00406006,0.0632712,0.00414948,0.0645284,0.00407147,0.492402,0.0383887,0.55157,0.0580534
1437,4,149,52.7279,18.6593,0.0742407,0.00185592,0.0717804,0.00191315,0.0717122,0.00180243,0.0688826,0.00226384,0.464824,0.0254697,0.51637,0.0125539
1438,4,153,75.0711,36.8344,0.0679145,0.00213983,0.06977,0.00229952,0.0697331,0.00367405,0.0677082,0.00227465,0.490478,0.0307973,0.582494,0.0323412
1439,4,179,64.4853,23.231,0.0608012,0.000720041,0.0602911,0.000740614,0.0578124,0.00116625,0.0590398,0.000655524,0.48737,0.0223305,0.588631,0.0132711
1440,4,1151,332.836,96.2463,0.0704716,0.00186711,0.0679445,0.00179129,0.0681588,0.00174973,0.0648162,0.00209986,0.457774,0.0292692,0.689095,0.0534088
1441,4,3777,294.368,22.9421,0.0693108,0.0175945,0.0750858,0.0159715,0.0602956,0.0116003,0.067238,0.0110251,0.491602,0.0318567,0.546902,0.0307064
1442,4,93,45.6569,22.4145,0.0813288,0.00368366,0.0852117,0.00186165,0.0861762,0.00266496,0.0829404,0.0019203,0.499852,0.0162614,0.55696,0.00597791
1443,4,360,125.899,44.0297,0.0685637,0.00177832,0.0688901,0.00228777,0.0620841,0.0017888,0.0676287,0.00225454,0.51146,0.0419218,0.585886,0.0331471
1444,4,84,41.0711,20.0813,0.0686272,0.000871098,0.0695771,0.00117806,0.0622544,0.00128169,0.0683617,0.00149109,0.508077,0.0382579,0.576335,0.00623637
1445,4,105,38.8284,14.3585,0.0685496,0.00134442,0.0691244,0.00123401,0.0617268,0.00115777,0.0677927,0.00127069,0.482278,0.0172429,0.57175,0.00577718
1446,4,71,31.0711,13.5973,0.0870712,0.00656651,0.0917542,0.00493272,0.0876092,0.00338618,0.0878194,0.00408235,0.487987,0.0203583,0.677198,0.00362129
1447,4,2028,349.539,60.2454,0.0718447,0.00961148,0.0766579,0.00989073,0.0640084,0.00828382,0.0717304,0.0102237,0.508541,0.0418483,0.512024,0.0478708
1448,4,117,62.8284,33.7386,0.0670823,0.0026263,0.0651263,0.0046935,0.058832,0.00566658,0.0617875,0.00409011,0.471359,0.0352298,0.641314,0.0286334
1449,4,291,123.213,52.1701,0.0830101,0.00868585,0.0842824,0.00858722,0.0789397,0.00975068,0.0800899,0.00839418,0.496584,0.0323233,0.62262,0.0289243
1450,4,101,47.6569,22.4869,0.0937006,0.00566678,0.0966526,0.0057367,0.0868503,0.00495705,0.0900024,0.0053995,0.497884,0.0279044,0.602622,0.0107451
1451,4,192,87.3137,39.7067,0.0879322,0.00698324,0.0926084,0.0072303,0.0900035,0.00977369,0.0863192,0.00532188,0.491197,0.0324055,0.57911,0.0318927
1452,4,137,53.0711,20.5587,0.123045,0.012449,0.132455,0.0102096,0.126014,0.0113892,0.122533,0.0108698,0.46827,0.0284315,0.577185,0.0123196
1453,4,324,109.456,36.9771,0.117858,0.0147611,0.121669,0.0173709,0.11279,0.0214733,0.113453,0.0184598,0.486456,0.0306364,0.619599,0.0192504
1454,4,237,86.1421,31.31,0.120948,0.0122149,0.128587,0.00799156,0.129371,0.0109017,0.121957,0.00810578,0.509092,0.0347738,0.660708,0.0161502
1455,4,218,97.8995,43.9647,0.16748,0.0263096,0.190031,0.0259271,0.194784,0.0279562,0.182306,0.0251375,0.509264,0.0250003,0.603459,0.0404288
1456,4,58,26.2426,11.8737,0.222224,0.00723645,0.234781,0.00326041,0.238108,0.00470758,0.226215,0.00274618,0.523868,0.0213062,0.761417,0.00312589
1457,4,149,73.4142,36.1721,0.0620586,0.000669203,0.0604973,0.00080892,0.0599607,0.00108956,0.059434,0.000733464,0.481327,0.0317824,0.641076,0.0157327
1458,4,249,85.3137,29.2306,0.0871766,0.00740221,0.0809854,0.00803413,0.0721089,0.00801688,0.0789479,0.00732428,0.511064,0.046555,0.657685,0.0151852
1459,4,329,143.698,62.7637,0.069308,0.0259708,0.0708296,0.0284658,0.0601496,0.0345249,0.0682771,0.0285788,0.49978,0.0310951,0.666906,0.0293855
1460,4,53,24.8284,11.6311,0.206184,0.00758788,0.221037,0.00594254,0.233285,0.00518438,0.216991,0.00612228,0.518461,0.0274495,0.694671,0.00937868
1461,4,442,111.213,27.9828,0.0656377,0.00150824,0.0706875,0.00202546,0.0574661,0.00219474,0.067804,0.00232964,0.503966,0.0279225,0.548153,0.0506944
1462,4,256,78.1421,23.8523,0.204008,0.00858381,0.213345,0.00687786,0.220703,0.00758559,0.206779,0.00664832,0.514905,0.0288694,0.635637,0.0183667
1463,4,679,181.012,48.2554,0.0603995,0.00216166,0.0614381,0.00259923,0.0485876,0.00189865,0.0574653,0.00312451,0.502735,0.0284631,0.652818,0.0208998
1464,4,1774,426.375,102.478,0.0613841,0.00266086,0.0639231,0.00221771,0.0495684,0.00169583,0.057454,0.00421777,0.491209,0.0281858,0.659306,0.0775733
1465,4,815,124.284,18.9529,0.0629517,0.00179562,0.0688639,0.00201074,0.0576121,0.00150405,0.0654228,0.00179148,0.516141,0.0329499,0.493981,0.00991592
1466,4,105,38.4853,14.1059,0.194132,0.00782773,0.205951,0.00530697,0.211626,0.00736445,0.199816,0.00479162,0.485528,0.0219254,0.58018,0.012161
1467,4,98,51.0711,26.6148,0.180731,0.0056647,0.193843,0.00631807,0.203354,0.00747008,0.189714,0.0063621,0.50108,0.0289562,0.521167,0.00652081
1468,4,115,53.6569,25.0353,0.116371,0.0238614,0.120201,0.0289359,0.111272,0.0250658,0.112146,0.0251944,0.510895,0.0284934,0.556522,0.0397427
1469,4,68,35.6569,18.6972,0.0709261,0.000862698,0.068361,0.000896271,0.0636881,0.00138141,0.0665148,0.000996807,0.491984,0.0182014,0.651331,0.015466
1470,4,64,38.2426,22.8516,0.0708643,0.0015933,0.0718761,0.00313487,0.0578303,0.00152101,0.0692278,0.00224891,0.478676,0.0152336,0.69204,0.00531553
1471,4,404,136.728,46.2736,0.103195,0.0162913,0.10239,0.01378,0.093939,0.0193228,0.0979621,0.0160332,0.518822,0.0332326,0.695244,0.03608
1472,4,118,42.2426,15.1224,0.0593176,0.00165989,0.0638987,0.00165303,0.0535452,0.00141237,0.0617357,0.00164433,0.519109,0.0238583,0.492556,0.0116829
1473,4,23493,1696.34,122.486,0.0727854,0.00523862,0.073493,0.00501036,0.0641401,0.00430409,0.0708681,0.00472126,0.498928,0.0358474,0.600906,0.045069
1474,4,62,30.8284,15.3289,0.10286,0.00314557,0.101205,0.00352177,0.0909238,0.00456108,0.0970954,0.00299667,0.499431,0.0296499,0.722428,0.0018398
1475,4,219,127.657,74.4122,0.0803731,0.0172202,0.0801354,0.0148143,0.0712366,0.0163492,0.0774711,0.0138815,0.496911,0.0310586,0.57346,0.0604108
1476,4,86,45.4142,23.982,0.0650009,0.00793602,0.0632324,0.0097864,0.0506549,0.0125485,0.0608022,0.0103456,0.472777,0.0216171,0.638592,0.0845788
1477,4,397,114.87,33.2371,0.0605462,0.00173306,0.0651842,0.0019023,0.0535681,0.00141494,0.0629196,0.00172084,0.503976,0.0334597,0.504527,0.0238918
1478,4,127,46.2426,16.8377,0.0825195,0.00649751,0.079517,0.00602905,0.0693219,0.00641019,0.0761941,0.00593081,0.479049,0.0217562,0.616195,0.00719675
1479,4,138,76.4853,42.3913,0.0727318,0.00294851,0.0680432,0.00178092,0.0490736,0.00174235,0.0656951,0.00448511,0.485365,0.0279151,0.614522,0.0116555
1480,4,83,48.8284,28.7255,0.0735715,0.00907471,0.0713852,0.00732596,0.060871,0.00913796,0.0689681,0.00655368,0.480038,0.0202726,0.64759,0.00438539
1481,4,115,62.8284,34.3253,0.107857,0.0570131,0.113315,0.059358,0.100934,0.0689634,0.104048,0.0581614,0.521432,0.0584711,0.563278,0.0776718
1482,4,69,32.8284,15.6189,0.0778602,0.00191317,0.0771378,0.00277695,0.0632738,0.00235701,0.0747372,0.00298046,0.519579,0.0213714,0.611438,0.0120442
1483,4,153,53.3137,18.5775,0.0585212,0.000779887,0.060492,0.000767932,0.0472452,0.000741349,0.0584545,0.00110754,0.493708,0.02335,0.646661,0.0172892
1484,4,71,34.8284,17.0848,0.0948854,0.00186662,0.0926762,0.00258204,0.0864084,0.00185828,0.0896326,0.00196521,0.508368,0.0231418,0.703654,0.00746187
1485,4,54,26,12.5185,0.191173,0.0103321,0.208539,0.00998703,0.215166,0.0100028,0.201494,0.00920331,0.494989,0.0186501,0.65503,0.00728848
1486,4,322,103.213,33.0837,0.0831527,0.00388001,0.0774819,0.00634217,0.0677021,0.00599779,0.0741879,0.0057083,0.488832,0.031981,0.610689,0.0353105
1487,4,144,61.6569,26.3998,0.0791256,0.0106514,0.0771618,0.00717016,0.0620703,0.0046177,0.0745352,0.00674602,0.498611,0.024372,0.597785,0.064258
1488,4,362,138.87,53.2732,0.0974739,0.0130229,0.097198,0.0150627,0.0907937,0.0161226,0.0934002,0.0142996,0.504517,0.0310747,0.647267,0.0381243
1489,4,561,206.368,75.9137,0.0609683,0.00308418,0.0632262,0.0029226,0.0492115,0.00290944,0.0601824,0.00347029,0.492566,0.0275124,0.686142,0.0640513
1490,4,138,58.4853,24.7864,0.0536625,0.000914355,0.049914,0.00107336,0.0479551,0.00117386,0.0487301,0.004283,0.51975,0.0428864,0.628231,0.0243953
1491,4,265,88.8701,29.8033,0.0871512,0.0103004,0.0817729,0.011571,0.0627506,0.00795682,0.0785305,0.0109431,0.48916,0.026108,0.60232,0.0450198
1492,4,894,253.497,71.8803,0.187351,0.028423,0.193541,0.0292736,0.192771,0.0335801,0.186324,0.0291375,0.499811,0.0272003,0.678397,0.0197355
1493,4,158,73.8995,34.5641,0.172213,0.0515581,0.185708,0.060018,0.193296,0.0655825,0.1813,0.0583541,0.498536,0.0258729,0.69462,0.0184253
1494,4,198,91.5563,42.3362,0.0764976,0.00276115,0.0764452,0.0045992,0.0654135,0.00317466,0.0742641,0.00486722,0.498416,0.0329463,0.63766,0.021975
1495,4,100,53.6569,28.7906,0.0723814,0.00269462,0.0668377,0.00256008,0.0601413,0.00258657,0.0644024,0.00243459,0.491137,0.0348386,0.687162,0.0209023
1496,4,1430,262.569,48.2114,0.0653715,0.00212005,0.06928,0.00223309,0.0558821,0.00202202,0.065498,0.00182621,0.496133,0.0319421,0.509719,0.0356792
1497,4,120,58.7279,28.7414,0.0610968,0.00774228,0.0633863,0.00501147,0.0515204,0.00913877,0.0615442,0.00507794,0.49085,0.0262254,0.727252,0.0159163
1498,4,82,50.8284,31.5065,0.0650127,0.0017542,0.0609455,0.00197599,0.0552488,0.00245304,0.0592964,0.00175514,0.502678,0.0283261,0.703362,0.0361808
1499,4,101,41.0711,16.7013,0.0729325,0.00338054,0.0733204,0.00383999,0.0647974,0.00275482,0.0704751,0.00313764,0.501883,0.0352876,0.544688,0.0055417
1500,4,63,28.2426,12.6611,0.237726,0.00299397,0.249792,0.00206781,0.258241,0.00338154,0.241868,0.00203915,0.651229,0.0556477,0.716109,0.000844484
1501,4,234,88.7279,33.6438,0.0785377,0.00300878,0.0728304,0.00395201,0.065288,0.00479437,0.071454,0.00389162,0.503637,0.0258242,0.700393,0.0237563
1502,4,569,148.87,38.9495,0.143824,0.0311718,0.141635,0.0358009,0.133555,0.040611,0.135968,0.0346158,0.500162,0.0280963,0.62402,0.0394373
1503,4,132,66.2426,33.2431,0.0701539,0.00938761,0.0664125,0.0109202,0.0578916,0.00882259,0.0644268,0.0102963,0.511765,0.0337536,0.627355,0.0575887
1504,4,103,45.0711,19.7223,0.0650562,0.00111261,0.060477,0.00247164,0.0539659,0.00264075,0.0582005,0.00229552,0.478317,0.0169618,0.675282,0.0148817
1505,4,281,109.113,42.3686,0.0599608,0.00399442,0.0635342,0.00320568,0.0493808,0.00444959,0.0613043,0.0031992,0.495723,0.0317729,0.725209,0.0504765
1506,4,227,124.243,68.001,0.0778423,0.0141107,0.0744488,0.0149403,0.0640898,0.0115412,0.0720465,0.0140074,0.497279,0.0342443,0.630879,0.0612949
1507,4,73,31.6569,13.7282,0.211913,0.00669879,0.212784,0.00599164,0.218825,0.00419332,0.203983,0.00390985,0.523771,0.0153329,0.571825,0.0123786
1508,4,58,28.2426,13.7525,0.0958242,0.00273306,0.086868,0.00521666,0.0691797,0.00460054,0.0829651,0.00468564,0.481609,0.0176351,0.672647,0.0087084
1509,4,60,28.8284,13.8513,0.0652315,0.000625803,0.0649258,0.000710553,0.0602504,0.000874177,0.0639853,0.000678593,0.491503,0.0224213,0.635023,0.00745202
1510,4,473,161.456,55.112,0.0736523,0.00591383,0.0706457,0.00583111,0.0667097,0.00522554,0.0688594,0.0058266,0.515467,0.0359114,0.619522,0.0215675
1511,4,147,60.7279,25.0876,0.189123,0.0530884,0.191879,0.0542813,0.193782,0.0588112,0.18418,0.0512076,0.511084,0.0271431,0.598272,0.0223782
1512,4,144,65.8995,30.1579,0.0715826,0.00756677,0.0695483,0.00443406,0.0612458,0.00834407,0.0675884,0.00453965,0.502397,0.0323252,0.606231,0.0517433
1513,4,1950,247.054,31.3003,0.071051,0.0128351,0.0749586,0.0105961,0.0590343,0.00843737,0.0714126,0.00959473,0.503694,0.0258679,0.50482,0.0119022
1514,4,113,54.4853,26.2712,0.0961004,0.0573976,0.100413,0.05997,0.0921431,0.0696424,0.0985414,0.058545,0.527191,0.0362204,0.5348,0.0220593
1515,4,53,26.2426,12.9939,0.0745749,0.000611438,0.0705513,0.00103991,0.0660559,0.00133159,0.06884,0.00118908,0.514761,0.0234819,0.606451,0.00506746
1516,4,107,39.0711,14.2668,0.0952447,0.00894886,0.0936913,0.00908209,0.0743169,0.00423355,0.0889922,0.00719755,0.53348,0.0547707,0.495895,0.0032994
1517,4,124,42.7279,14.7232,0.0637004,0.000957939,0.0609333,0.00123044,0.0592545,0.001072,0.0564576,0.00105244,0.459962,0.0241884,0.540922,0.00346472
1518,4,196,87.3137,38.8963,0.0671764,0.00809677,0.064119,0.00874433,0.0588934,0.00414896,0.0601441,0.00844753,0.488075,0.0302945,0.574704,0.0547825
1519,4,335,122.042,44.4602,0.0676114,0.00141919,0.0669267,0.00167773,0.0617934,0.00131104,0.065387,0.00147798,0.490442,0.0286704,0.679972,0.014957
1520,4,2158,480.51,106.992,0.187195,0.0178882,0.189317,0.0189383,0.187771,0.0215385,0.182143,0.0183211,0.489618,0.0322895,0.659275,0.0672563
1521,4,182,61.8995,21.0525,0.209278,0.00502031,0.206403,0.00738975,0.196687,0.0141339,0.192947,0.0111494,0.516656,0.0481403,0.537422,0.0200915
1522,4,81,33.6569,13.985,0.204174,0.00446787,0.204327,0.00646806,0.201629,0.00478933,0.190418,0.00577825,0.499492,0.0262123,0.601518,0.00104853
1523,4,77,40.8284,21.6488,0.137844,0.0288507,0.129124,0.0338515,0.121718,0.041311,0.125031,0.0323939,0.48658,0.0211963,0.545806,0.0443354
1524,4,45605,2591.14,147.221,0.152671,0.0235326,0.151793,0.0289471,0.148574,0.0348845,0.145944,0.0288284,0.492022,0.0363051,0.638166,0.0722919
1525,4,8842,752.475,64.0374,0.109517,0.0215043,0.109489,0.0237464,0.108067,0.0255112,0.1029,0.0222187,0.48368,0.033173,0.607349,0.0314481
1526,4,276,99.799,36.0864,0.0827009,0.00558584,0.0792245,0.00594125,0.0670047,0.00595,0.0750258,0.006456,0.494615,0.0269559,0.566539,0.0128072
1527,4,298,100.385,33.8158,0.0607625,0.00454799,0.0597874,0.00352931,0.0472417,0.001679,0.0558755,0.00308218,0.510936,0.032007,0.579176,0.0190481
1528,4,6527,640.96,62.9432,0.0564047,0.00245663,0.0570474,0.0021688,0.0451443,0.00133352,0.0508168,0.00522146,0.495316,0.0293155,0.641923,0.0559218
1529,4,177,57.6569,18.7814,0.0579933,0.00183942,0.0562723,0.00104353,0.0454017,0.000932975,0.0533683,0.00188672,0.50349,0.0322925,0.609521,0.00495701
1530,4,167,56.4853,19.1053,0.0742853,0.00164995,0.0678529,0.0033366,0.0595558,0.00279224,0.0651894,0.00319697,0.497217,0.036536,0.637239,0.0123929
1531,4,147,59.8995,24.4078,0.0639699,0.00360316,0.0598293,0.00170721,0.0472466,0.000811405,0.0559182,0.0019293,0.506523,0.0245437,0.620748,0.027099
1532,4,356,130.728,48.005,0.0726717,0.0236698,0.0696085,0.0251817,0.0580143,0.0273731,0.0648367,0.0252364,0.492774,0.0260511,0.542495,0.0475288
1533,4,166,73.0711,32.1649,0.137476,0.0101044,0.143526,0.00751245,0.140817,0.00923717,0.138853,0.00729509,0.465037,0.0179097,0.622069,0.00896555
1534,4,156,55.8995,20.0305,0.116255,0.00842052,0.116884,0.00766937,0.10988,0.0068536,0.111878,0.00706555,0.498517,0.0234553,0.573458,0.00652396
1535,4,4985,706.534,100.138,0.0573535,0.00934183,0.0562719,0.0089579,0.0446642,0.00987264,0.0520054,0.0098476,0.489695,0.033103,0.611865,0.0572014
1536,4,102,50.2426,24.7483,0.0673419,0.00260589,0.0704629,0.00180388,0.0608269,0.00631273,0.0684633,0.00204212,0.503422,0.020888,0.497284,0.00975299
1537,4,6296,490.693,38.2433,0.102361,0.0228707,0.0994987,0.0248955,0.0930454,0.0250382,0.0930438,0.0231694,0.492068,0.0327661,0.633771,0.0484871
1538,4,600,171.941,49.2729,0.126747,0.0108218,0.123948,0.009228,0.119715,0.00914788,0.120022,0.0081873,0.513529,0.0374595,0.516363,0.0241962
1539,4,52,32.8284,20.7251,0.0868335,0.0013021,0.0819241,0.00169474,0.0772976,0.00191933,0.0802484,0.00133496,0.530543,0.021893,0.488955,0.00478304
1540,4,396,90.6274,20.7407,0.0829413,0.00447258,0.0790662,0.00365533,0.0765113,0.00326641,0.0762179,0.00284112,0.503912,0.0343071,0.580825,0.021572
1541,4,386,131.899,45.0712,0.0795396,0.00735658,0.0755293,0.00802045,0.0663102,0.00809699,0.0724608,0.00803961,0.493823,0.0270083,0.601071,0.0451549
1542,4,126,55.0711,24.07,0.0598629,0.00265493,0.0609723,0.00268276,0.0478677,0.00136077,0.0586859,0.00218261,0.502614,0.0296309,0.503647,0.00923348
1543,4,132,69.0711,36.1425,0.0790578,0.00912481,0.0799888,0.00638086,0.0689132,0.00415519,0.0758927,0.0043527,0.501485,0.0338106,0.629197,0.0174068
1544,4,72,31.6569,13.9188,0.0732651,0.0023288,0.0691664,0.00208872,0.0608599,0.00155511,0.0675382,0.00189288,0.531155,0.019563,0.621152,0.00171762
1545,4,3443,378.995,41.7186,0.0551101,0.00299784,0.0554313,0.00225477,0.0444386,0.00182512,0.050938,0.00486179,0.502064,0.0301195,0.524961,0.0301514
1546,4,5304,527.238,52.4094,0.0672875,0.00917581,0.07223,0.00799716,0.0578743,0.00576165,0.0682469,0.00686422,0.496188,0.0365691,0.566831,0.0455786
1547,4,6740,529.38,41.5791,0.0671334,0.00305855,0.0651914,0.00362995,0.0643469,0.00393615,0.0629077,0.0034512,0.490255,0.0348253,0.573064,0.0194065
1548,4,94,36.4853,14.1614,0.064774,0.00118033,0.0639337,0.00167097,0.056789,0.00121352,0.0622079,0.0014853,0.490196,0.0186675,0.681714,0.0119685
1549,4,161477,4414.27,120.672,0.0644079,0.00254112,0.0641925,0.00275314,0.0595994,0.00308281,0.0608025,0.00244481,0.492074,0.0353614,0.610424,0.0632093
1550,4,180,75.8995,32.0041,0.0685761,0.00423373,0.0648087,0.00176643,0.0505207,0.00451247,0.0633018,0.00160176,0.483268,0.0246817,0.600188,0.014628
1551,4,50,25.4142,12.9176,0.0722522,0.00090728,0.0709825,0.00094619,0.0711385,0.000977799,0.0672495,0.000988966,0.455137,0.0243821,0.533784,0
1552,4,128,56.4853,24.9265,0.0624835,0.00471487,0.0612847,0.00218704,0.0486717,0.00129897,0.059667,0.00205889,0.493352,0.036278,0.685758,0.0819039
1553,4,158,49.0711,15.2403,0.0579008,0.0013057,0.058768,0.0013202,0.0468744,0.00105267,0.0566557,0.00148109,0.48553,0.0212293,0.729174,0.0151461
1554,4,473,133.941,37.9286,0.0648856,0.0051728,0.0642951,0.0040328,0.0500223,0.00216076,0.0610666,0.00295272,0.491647,0.030753,0.658791,0.0497006
1555,4,135,55.3137,22.6638,0.0652371,0.000749981,0.0631173,0.000598179,0.061712,0.000767088,0.0610696,0.000632229,0.475497,0.0389145,0.666917,0.00443444
1556,4,122,56.2426,25.9282,0.0621238,0.00571831,0.0625292,0.00453284,0.0517076,0.00524183,0.0597184,0.00355431,0.493025,0.0271335,0.535944,0.0631134
1557,4,540,117.213,25.4425,0.0582017,0.00197504,0.0605554,0.00170042,0.0480042,0.00145654,0.0582417,0.00209729,0.516921,0.0528023,0.503941,0.0171606
1558,4,320,108.385,36.7102,0.0774684,0.00321191,0.0730894,0.00516195,0.056547,0.00419939,0.0698625,0.00518536,0.489608,0.0278721,0.519616,0.02399
1559,4,75,40.2426,21.5929,0.0732152,0.00859797,0.0707425,0.00745825,0.0593364,0.0043999,0.0688619,0.0069858,0.48549,0.0349585,0.599279,0.0505506
1560,4,418,122.385,35.8326,0.0777083,0.00615226,0.0727297,0.00744426,0.057817,0.00579281,0.0695422,0.00705566,0.494896,0.0238605,0.575747,0.0294807
1561,4,2605,288.368,31.9216,0.0694537,0.00258101,0.0733446,0.00230623,0.0577022,0.0019912,0.0703625,0.00261586,0.495792,0.0425384,0.520081,0.0241051
1562,4,237,104.971,46.4929,0.0857303,0.00580077,0.0841375,0.00526532,0.0685697,0.00370251,0.079797,0.00564453,0.487615,0.0264669,0.643602,0.00849708
1563,4,581,207.698,74.249,0.0835719,0.0103977,0.0799602,0.0100977,0.0658548,0.00669991,0.0758211,0.00890109,0.486153,0.0287621,0.584407,0.0157608
1564,4,680,235.941,81.865,0.0765983,0.00506373,0.0719934,0.00554729,0.0579763,0.00445874,0.0692774,0.005311,0.51267,0.0467197,0.614656,0.00893966
1565,4,72,32.4853,14.6569,0.0740655,0.00347767,0.0710623,0.00457274,0.0572386,0.00240401,0.0680631,0.00429108,0.516993,0.029017,0.57545,0.00872293
1566,4,1578,379.397,91.218,0.0778272,0.00851649,0.0750872,0.00821785,0.0640188,0.00745365,0.0720384,0.00788089,0.483849,0.0312858,0.582117,0.0216819
1567,4,89,36.2426,14.7588,0.0757748,0.00184371,0.0721388,0.00429548,0.0544854,0.00288442,0.0692412,0.0041,0.489227,0.0267547,0.593,0.0130902
1568,4,68,28.4853,11.9325,0.0700079,0.00229502,0.0724655,0.00207326,0.0565786,0.00168636,0.0706566,0.00231073,0.460611,0.0300578,0.504074,0.0108789
1569,4,140,62.1421,27.5832,0.0939421,0.00702157,0.0942196,0.00486945,0.0822369,0.00517239,0.0910942,0.00503944,0.491008,0.0292582,0.608687,0.0155024
1570,4,1106,300.569,81.683,0.0774518,0.00909083,0.0751986,0.00928041,0.0646783,0.00819469,0.0723921,0.00879469,0.496121,0.0281315,0.618469,0.033474
1571,4,116,42.8284,15.8127,0.0655518,0.00218989,0.0679484,0.00158056,0.0532721,0.00109895,0.0636916,0.00142973,0.500845,0.0189533,0.487244,0.00475889
1572,4,267,100.728,38.0004,0.0716361,0.00796847,0.0691322,0.00879283,0.0591428,0.00852744,0.0671265,0.00873226,0.502695,0.0318867,0.614182,0.0263747
1573,4,128,65.0711,33.08,0.0891483,0.00320059,0.0871386,0.00418091,0.0739114,0.00248487,0.0838982,0.00366917,0.481158,0.0270878,0.599609,0.0147562
1574,4,51,25.4142,12.6644,0.0689136,0.00204897,0.0728022,0.00189902,0.0582065,0.00125327,0.071292,0.00198778,0.483429,0.0201476,0.520403,0.00892483
1575,4,206,89.8995,39.2326,0.080791,0.011044,0.0789201,0.0106275,0.0653,0.0102141,0.0746465,0.0102226,0.486351,0.0258341,0.578293,0.00446427
1576,4,77,42.2426,23.1746,0.064635,0.0017437,0.0692135,0.00152695,0.0562616,0.00141486,0.0675911,0.00161638,0.470181,0.0307461,0.62092,0.0134513
1577,4,287,98.6274,33.8933,0.0865399,0.00707561,0.0833712,0.0078554,0.0696105,0.00670514,0.0796411,0.00763995,0.479866,0.021219,0.550546,0.0268429
1578,4,399,104.971,27.6161,0.0643985,0.00172188,0.0687076,0.00160939,0.0550412,0.00151826,0.0671266,0.00180971,0.504359,0.0413115,0.639216,0.0158638
1579,4,81,42,21.7778,0.0797875,0.00439914,0.0755973,0.0070604,0.0621842,0.00682496,0.0713162,0.00669992,0.491019,0.0369817,0.59618,0.0107895
1580,4,893,219.941,54.1703,0.0743781,0.00491377,0.0722487,0.00504939,0.0620945,0.00324197,0.069111,0.00420775,0.488343,0.0334672,0.673323,0.0272931
1581,4,102,44.2426,19.1903,0.0768912,0.00347892,0.0753609,0.00303448,0.0658894,0.00239533,0.0732995,0.00312995,0.468243,0.0219601,0.659446,0.0172202
1582,4,166,77.0711,35.7828,0.0688771,0.00772841,0.0721419,0.00573213,0.0577518,0.00676973,0.0706161,0.00560956,0.472644,0.0335493,0.639246,0.0185824
1583,4,181,95.6569,50.5538,0.0712288,0.00466083,0.0710137,0.00438108,0.0566154,0.00321374,0.0678297,0.00393723,0.503564,0.0291717,0.576639,0.0695592
1584,4,1482,321.598,69.7876,0.0673498,0.00175846,0.0716171,0.00198139,0.0565839,0.00165012,0.0699978,0.00194943,0.492877,0.0345733,0.647732,0.0189895
1585,4,242,114.728,54.3905,0.0762194,0.00586637,0.0756291,0.00545569,0.0643072,0.00382126,0.0728918,0.0047125,0.488932,0.0270509,0.666015,0.0685479
1586,4,100,50.8284,25.8353,0.0655494,0.00219232,0.0666371,0.00401333,0.0592079,0.00137015,0.0656239,0.00400538,0.492392,0.0283132,0.567027,0.0397982
1587,4,186,103.071,57.1164,0.0667029,0.00289131,0.0663965,0.00336199,0.05837,0.00179676,0.0649806,0.00308208,0.500611,0.0272757,0.590054,0.0329488
1588,4,30403,1304.5,55.9721,0.0627177,0.00131161,0.0622027,0.00130853,0.0568756,0.00142833,0.0589687,0.00151596,0.48773,0.0340651,0.624584,0.0733522
1589,4,110,62.8284,35.8856,0.0606025,0.000699067,0.06056,0.000774695,0.0544552,0.000957733,0.0592658,0.00085246,0.488521,0.0167338,0.516523,0.0200352
1590,4,52887,2236.65,94.5903,0.0700941,0.00370749,0.071001,0.00400865,0.0618199,0.00322384,0.0682065,0.0040044,0.48877,0.0370484,0.601214,0.05595
1591,4,321,146.971,67.2908,0.0695381,0.0020172,0.069472,0.00317512,0.0620601,0.00159431,0.0653102,0.00526405,0.504172,0.0249399,0.488781,0.00635529
1592,4,188,103.071,56.5087,0.0776314,0.00903181,0.0799845,0.00980844,0.0693754,0.00813886,0.0782921,0.00949476,0.49224,0.0255638,0.564692,0.057426
1593,4,1142,324.326,92.108,0.0783618,0.00187248,0.0795807,0.00191242,0.0689477,0.0020183,0.0777169,0.00199225,0.487583,0.0307806,0.516998,0.0163577
1594,4,863,206.426,49.3764,0.0615032,0.00126348,0.0600734,0.00118382,0.055555,0.00115116,0.0584907,0.00134346,0.500275,0.029385,0.510499,0.0154654
1595,4,82,42.8284,22.3692,0.0753984,0.00146222,0.076439,0.00138966,0.0671926,0.00124725,0.0748826,0.00133672,0.509326,0.0237309,0.525132,0.0283791
1596,4,497,134.284,36.2822,0.0623404,0.000981746,0.0607108,0.00105059,0.0563598,0.00106475,0.0592227,0.00119878,0.492358,0.0256829,0.50015,0.0104322
1597,4,152,82.8284,45.1352,0.0728151,0.00130456,0.074142,0.00141149,0.0646498,0.00163082,0.0727174,0.00131789,0.494866,0.0415987,0.63309,0.01297
1598,4,90,47.6569,25.2353,0.0713404,0.00145986,0.071948,0.00138967,0.0627705,0.00149032,0.0707839,0.00149915,0.476253,0.0257228,0.630255,0.0189518
1599,4,839,135.113,21.7586,0.0594863,0.00245599,0.0574536,0.00302799,0.0536382,0.00188513,0.0543493,0.00336936,0.503003,0.033817,0.508134,0.0312042
1600,4,250,150.828,90.9969,0.0748323,0.0101769,0.0718137,0.00680189,0.0569737,0.00422804,0.0693275,0.00582508,0.490478,0.0329922,0.611189,0.0580987
1601,4,375,95.3137,24.2259,0.0580314,0.00063368,0.0561368,0.000661639,0.0536726,0.000740992,0.0548621,0.00064636,0.495969,0.0325589,0.529586,0.0279836
1602,4,156,61.8995,24.5612,0.0680838,0.00160181,0.0667345,0.00156874,0.0620081,0.00152614,0.0626261,0.00157583,0.532076,0.0630163,0.481289,0.00729197
1603,4,1923,216.083,24.2808,0.0580878,0.000865015,0.0562568,0.000921899,0.0539494,0.00100829,0.0541448,0.000910791,0.488787,0.0384946,0.50123,0.00960295
1604,4,1292,188.77,27.5805,0.0695803,0.00249149,0.0681211,0.00256311,0.0640009,0.00252016,0.065843,0.00244241,0.505436,0.0435591,0.491695,0.00775095
1605,4,2393,265.397,29.434,0.0591449,0.000703146,0.0572711,0.000740957,0.0544334,0.000798498,0.0555764,0.000949939,0.504768,0.0420673,0.527036,0.0283725
1606,4,227,59.5563,15.6254,0.0840499,0.00196013,0.0819797,0.0028178,0.0758994,0.00163668,0.0788642,0.00250689,0.505157,0.028094,0.494374,0.00630466
1607,4,122638,6234.81,316.972,0.0699595,0.00460536,0.0681012,0.00473688,0.0639038,0.00518067,0.0664007,0.00466066,0.489638,0.0369978,0.62787,0.0789263
1608,4,529,137.799,35.8952,0.0662843,0.000982584,0.0644756,0.000871314,0.0586939,0.00100912,0.0632236,0.000927855,0.501427,0.034852,0.515097,0.017491
1609,4,115,47.6569,19.7494,0.0661679,0.000997179,0.0640698,0.00101498,0.058233,0.00108512,0.0627591,0.00107499,0.488355,0.0255266,0.511163,0.0104692
1610,4,59,36.8284,22.9887,0.0609953,0.00120282,0.058712,0.00121252,0.0539284,0.00125319,0.0575561,0.00113285,0.469591,0.0143061,0.573523,0.0143513
1611,4,5991,603.563,60.806,0.0734983,0.00194432,0.0765658,0.00253452,0.0637221,0.00261666,0.0732421,0.00212288,0.493053,0.032411,0.520238,0.0293034
1612,4,2906,724.309,180.531,0.067412,0.00208459,0.0655843,0.00236645,0.0595672,0.0019463,0.0642938,0.00240328,0.513843,0.0502095,0.541099,0.0378603
1613,4,158,62.4853,24.7115,0.0666058,0.00145306,0.0647818,0.00128398,0.0580483,0.00137311,0.0635733,0.00135819,0.474311,0.0246083,0.563077,0.0145157
1614,4,84,39.6569,18.7222,0.0645308,0.00112147,0.0630158,0.00115144,0.0563783,0.00118546,0.0617799,0.00117821,0.479645,0.0219429,0.519546,0.0148186
1615,4,1317,257.497,50.3454,0.0628091,0.0019986,0.061072,0.0019929,0.0540718,0.00210845,0.0598281,0.00201017,0.476954,0.0296498,0.552936,0.0369557
1616,4,133,65.0711,31.8364,0.0656141,0.00114206,0.0641978,0.00122862,0.0599772,0.00143186,0.0630441,0.00125521,0.540262,0.0290966,0.531396,0.0179284
1617,4,132959,2846.34,60.9333,0.0626585,0.0060573,0.0605805,0.00630443,0.0571152,0.00622393,0.0579915,0.00634199,0.499342,0.0391396,0.580296,0.0580658
1618,4,118,45.6569,17.6657,0.0639726,0.0010781,0.0616797,0.000982768,0.05691,0.000977826,0.0605796,0.000913446,0.492057,0.0256734,0.519583,0.0155972
1619,4,359,86.7279,20.9519,0.0667359,0.00129969,0.0649301,0.00146926,0.0588949,0.00165007,0.0637953,0.00137993,0.476236,0.0286823,0.614658,0.00719132
1620,4,218,105.314,50.876,0.0679168,0.00238493,0.0665541,0.00267957,0.061129,0.00314329,0.0654553,0.00267366,0.482299,0.0304656,0.635104,0.0230227
1621,4,64,29.4142,13.5187,0.0695843,0.00142349,0.0680712,0.00125311,0.0618781,0.00125028,0.066468,0.00133806,0.50049,0.0166017,0.627217,0.00349354
1622,4,85,44,22.7765,0.0638733,0.00105256,0.061811,0.00121832,0.0558532,0.00130179,0.0605373,0.00124944,0.499054,0.0278868,0.644833,0.00876065
1623,4,59,36.8284,22.9887,0.0684102,0.0010005,0.0669606,0.000738314,0.0610019,0.000835028,0.0655652,0.000811141,0.558657,0.0490246,0.628378,0.00852856
1624,4,324,110.728,37.8416,0.0740749,0.00421783,0.0733175,0.00409902,0.069303,0.00535954,0.071006,0.00369865,0.494674,0.028233,0.5332,0.0716973
1625,4,2529,262.61,27.2693,0.0737911,0.00212584,0.07867,0.00207594,0.0641338,0.00240219,0.073777,0.00199266,0.488024,0.0334723,0.504619,0.0120556
1626,4,208,93.0711,41.6453,0.0709213,0.00695621,0.069313,0.00615119,0.0648083,0.00724111,0.0675513,0.00666817,0.509031,0.0399858,0.525403,0.0341392
1627,4,1707,285.154,47.635,0.0642739,0.0015872,0.0637333,0.00156447,0.0567137,0.00150875,0.0619777,0.00177317,0.497035,0.0429722,0.512187,0.0214761
1628,4,245,79.3137,25.6762,0.0736402,0.00119229,0.0715601,0.00137289,0.0677026,0.00145636,0.0701265,0.00135993,0.488051,0.0251524,0.584225,0.0481446
1629,4,2567,227.983,20.2478,0.0606166,0.00143879,0.0599898,0.00137016,0.0540495,0.00132542,0.0571255,0.00141658,0.487423,0.0305937,0.51224,0.0191095
1630,4,87,45.6569,23.9603,0.058235,0.000617599,0.0566322,0.000687262,0.0532279,0.000675659,0.0557707,0.000659681,0.476854,0.0243524,0.588381,0.00372463
1631,4,274,76.9706,21.6221,0.0855463,0.00408074,0.0826749,0.00417469,0.0769761,0.00360487,0.0802829,0.00383447,0.544182,0.0392851,0.490235,0.0192832
1632,4,80,43.4142,23.5599,0.0714335,0.00111727,0.0697329,0.00166791,0.0659523,0.00176374,0.0684568,0.001563,0.488775,0.0345357,0.588682,0.0667208
1633,4,182,76.4853,32.1428,0.0710957,0.00270313,0.0689944,0.00195603,0.0648268,0.00302227,0.0675898,0.00184918,0.476169,0.0203364,0.575809,0.0164686
1634,4,160,67.6569,28.6091,0.0705823,0.000967214,0.068142,0.000942863,0.0641216,0.000967174,0.0668687,0.000996164,0.458529,0.0303464,0.618243,0.0231979
1635,4,2306,256.711,28.5778,0.0762338,0.00391453,0.0808694,0.00278176,0.0643931,0.00209092,0.0768708,0.00368975,0.493397,0.0305676,0.541853,0.033797
1636,4,160,55.6569,19.3605,0.0722619,0.00078491,0.069759,0.000725123,0.0655745,0.000998551,0.0685643,0.00091871,0.486005,0.0267132,0.690921,0.0140161
1637,4,130,75.6569,44.0305,0.0712868,0.000867403,0.0691762,0.00104119,0.0652707,0.00126551,0.0678317,0.000995468,0.482353,0.0278616,0.660031,0.0250026
1638,4,127,74.2426,43.4013,0.0706405,0.00127914,0.0692139,0.0010168,0.0658553,0.0010141,0.0680456,0.000974322,0.492481,0.030134,0.635401,0.00971967
1639,4,89,36.8284,15.2397,0.0716015,0.000748589,0.0697087,0.000716052,0.0660369,0.000855395,0.068683,0.000803813,0.504472,0.0218403,0.617598,0.00361231
1640,4,95,36.2426,13.8266,0.0709719,0.000768656,0.0689313,0.000737738,0.0647277,0.000798457,0.0675798,0.000791274,0.501961,0.0259317,0.635491,0.00742553
1641,4,115,42.4853,15.6956,0.0805391,0.00314714,0.0821861,0.00218463,0.065366,0.00204085,0.0778681,0.0029228,0.485899,0.0235974,0.493302,0.00614089
1642,4,66,28.8284,12.5921,0.0699502,0.000554077,0.0670647,0.000873588,0.0632383,0.00235343,0.0655457,0.000720885,0.466488,0.0227585,0.52457,0.0104302
1643,4,60,27.4142,12.5257,0.0691035,0.000964486,0.0674307,0.000705177,0.0632894,0.00144909,0.0656793,0.000678003,0.521307,0.0493291,0.493018,0.010752
1644,4,497,142.042,40.5952,0.0731514,0.00441513,0.0781095,0.00595049,0.0621381,0.00318078,0.0711825,0.00477851,0.493589,0.0293569,0.495554,0.0241057
1645,4,309,76.7279,19.0523,0.0748923,0.00196116,0.0786831,0.00169976,0.0614619,0.00153561,0.0737755,0.0020891,0.516873,0.0360599,0.489832,0.00684628
1646,4,79,35.6569,16.0938,0.0698273,0.000550908,0.0675008,0.00107278,0.0625192,0.00150577,0.0651796,0.00121495,0.558848,0.022279,0.47571,0.00331693
1647,4,155,66.4853,28.518,0.0823448,0.00140964,0.0815811,0.00146794,0.0789389,0.00198087,0.0801513,0.00167184,0.497812,0.0184812,0.495815,0.00345561
1648,4,120,59.0711,29.0783,0.0699449,0.00736846,0.0681403,0.00801012,0.0646695,0.0082094,0.0661412,0.00761528,0.498268,0.0401404,0.500732,0.00926423
1649,4,1581,301.255,57.4032,0.0609656,0.00220537,0.0591823,0.00230224,0.0560848,0.00230975,0.0572493,0.00239243,0.507869,0.0336369,0.49244,0.0104389
1650,4,932,180.184,34.835,0.0684197,0.0030523,0.06787,0.0030197,0.0657367,0.00310449,0.0657856,0.002994,0.529673,0.0524352,0.487581,0.00609563
1651,4,802,159.698,31.8,0.0639762,0.00263247,0.0608603,0.00210649,0.0570877,0.00182074,0.0582017,0.00186625,0.513246,0.0399146,0.484641,0.008822
1652,4,550,111.556,22.6269,0.0603038,0.00187765,0.0567594,0.00186539,0.0518114,0.0016574,0.0550547,0.00147636,0.510082,0.023545,0.50102,0.012286
1653,4,201,80.1421,31.954,0.0750077,0.00094723,0.0733365,0.000971603,0.0708347,0.00101965,0.0717893,0.00101483,0.493513,0.020847,0.495058,0.00566901
1654,4,153,64.4853,27.1788,0.0571037,0.00123612,0.054605,0.000986964,0.0517752,0.00122473,0.0533394,0.00084757,0.570422,0.0641064,0.488341,0.0109041
1655,4,1381,166.426,20.0563,0.0711959,0.00182873,0.0768748,0.00170203,0.0644617,0.0016234,0.0675394,0.00198781,0.508364,0.0386403,0.497025,0.0115971
1656,4,46158,1061.91,24.4305,0.0741639,0.00496859,0.0833198,0.00404278,0.0682375,0.00302316,0.0683648,0.00437812,0.496116,0.0329647,0.607014,0.0611737
1657,4,5585,372.208,24.8055,0.0730128,0.00186755,0.0814297,0.00214356,0.0675779,0.00150581,0.0677131,0.00230419,0.50302,0.0392665,0.523723,0.030072
1658,4,75,32.2426,13.8612,0.0663692,0.000627368,0.0651297,0.000804695,0.0642986,0.000782629,0.0630541,0.00075903,0.432157,0.0147845,0.677297,0.00363275
1659,4,222,80.3848,29.1068,0.0788427,0.0041505,0.0790004,0.00342564,0.0602072,0.00180531,0.0733284,0.00331511,0.498516,0.0267632,0.625944,0.00730054
1660,4,1935,321.38,53.3772,0.0737652,0.00423354,0.0749769,0.00332783,0.0585904,0.00233622,0.066635,0.00480007,0.487357,0.0310234,0.678675,0.0509654
1661,4,1834,245.983,32.9921,0.0692463,0.00166914,0.0723793,0.0016072,0.0635153,0.00145139,0.0646119,0.00183107,0.501578,0.0339602,0.497163,0.0134181
1662,4,637,137.213,29.5565,0.0697335,0.00164944,0.071856,0.00141606,0.0652604,0.00154038,0.0657992,0.00183221,0.502927,0.0474884,0.49302,0.00993177
1663,4,239,78.7279,25.9334,0.0681217,0.00160748,0.0707444,0.00131398,0.0628486,0.00139824,0.0632545,0.00155896,0.513726,0.0360883,0.496042,0.00996638
1664,5,16210,1003.35,62.1037,0.237283,0.0163436,0.246698,0.0166184,0.251724,0.018419,0.237956,0.0169707,0.482833,0.0350841,0.628704,0.0578235
1665,5,121,64.8284,34.7333,0.226278,0.0246182,0.230014,0.0241235,0.232218,0.0235654,0.222867,0.0264452,0.317712,0.0908356,0.614418,0.0510289
1666,5,335,83.4558,20.7907,0.214573,0.00971028,0.227322,0.00718069,0.225098,0.0100655,0.217432,0.00757198,0.477905,0.0286602,0.554357,0.0217346
1667,5,137,44.4853,14.4448,0.206177,0.00369027,0.215118,0.00443368,0.21218,0.00873902,0.205033,0.00677335,0.439874,0.0282453,0.572598,0.0266299
1668,5,95,48.2426,24.4984,0.233597,0.0228997,0.238955,0.0214782,0.240854,0.0201041,0.233329,0.0227054,0.329907,0.087438,0.571124,0.02381
1669,5,300,101.314,34.2149,0.213211,0.0133652,0.226259,0.0109956,0.232904,0.00987744,0.219399,0.0108368,0.448458,0.060197,0.6,0.0490536
1670,5,971,210.284,45.5401,0.225888,0.00784083,0.234624,0.00709363,0.238377,0.00756811,0.226335,0.0068039,0.481444,0.0291679,0.662795,0.0211794
1671,5,99,41.8995,17.733,0.22038,0.00345973,0.230242,0.00353098,0.233703,0.00358366,0.221689,0.00308761,0.464171,0.0201544,0.700109,0.0127662
1672,5,139,65.0711,30.4622,0.279169,0.0331839,0.276258,0.0329035,0.273707,0.0333292,0.272815,0.0329607,0.268642,0.0277949,0.606407,0.0851825
1673,5,330,137.799,57.5411,0.227333,0.0327868,0.223263,0.0314932,0.219844,0.030331,0.219623,0.0321972,0.280368,0.0269425,0.562776,0.0317576
1674,5,56,32.8284,19.2447,0.302953,0.035283,0.306157,0.0332729,0.307763,0.0323601,0.303169,0.0334765,0.282843,0.0206324,0.572394,0.00707667
1675,5,7482,609.279,49.6152,0.242121,0.0159138,0.25065,0.0170577,0.254235,0.0198692,0.242206,0.0176512,0.481511,0.0349863,0.637494,0.0382269
1676,5,54,26.8284,13.329,0.293145,0.0282932,0.294718,0.0292845,0.297733,0.0300266,0.289611,0.0306365,0.272476,0.0177755,0.5254,0.0043
1677,5,153,64.4853,27.1788,0.2372,0.0231942,0.236715,0.0202895,0.236298,0.0183345,0.233686,0.0205901,0.286531,0.0238041,0.684464,0.00924069
1678,5,2114,390.995,72.3165,0.215,0.0240285,0.215082,0.0236265,0.215437,0.0233455,0.211232,0.0242126,0.27287,0.0278381,0.514667,0.061943
1679,5,102,48.8284,23.3747,0.247249,0.0255717,0.24867,0.0271632,0.248977,0.0285441,0.243901,0.0280962,0.283276,0.0242997,0.657194,0.106489
1680,5,75,32.2426,13.8612,0.218433,0.00693916,0.215762,0.00728376,0.214228,0.00769406,0.212685,0.00774129,0.258719,0.0296658,0.727748,0.00730007
1681,5,1663,334.468,67.2693,0.313201,0.0637709,0.31209,0.0643647,0.31141,0.0653217,0.305681,0.0657188,0.272156,0.0286694,0.596305,0.0395785
1682,5,52,24.8284,11.8548,0.225413,0.0121007,0.226752,0.0117073,0.225536,0.0126094,0.22242,0.0125645,0.280468,0.0271203,0.669699,0.0126167
1683,5,1500,366.368,89.4834,0.247787,0.0288932,0.246419,0.0285583,0.245148,0.0292366,0.242494,0.0291874,0.268248,0.0247892,0.637797,0.027969
1684,5,623,114.627,21.0906,0.211244,0.0126837,0.208916,0.0123243,0.207451,0.0122105,0.205206,0.013175,0.268719,0.0271846,0.484589,0.0261251
1685,5,134,56.7279,24.0154,0.217264,0.019104,0.222671,0.0134582,0.22324,0.0129511,0.216063,0.0160674,0.393532,0.0913884,0.544171,0.0284716
1686,5,50,25.4142,12.9176,0.289593,0.0381266,0.287639,0.0379181,0.284313,0.0370776,0.28281,0.0379437,0.280549,0.0213531,0.628378,0.0058904
1687,5,67486,3519.23,183.519,0.301966,0.0518702,0.302731,0.0511551,0.301271,0.0499347,0.29754,0.0509485,0.271237,0.0251159,0.600959,0.0595008
1688,5,320,123.556,47.7068,0.226608,0.0236603,0.22297,0.0237041,0.220013,0.0244308,0.219588,0.0236715,0.271201,0.0198468,0.545207,0.0566752
1689,5,347,124.385,44.5867,0.20983,0.0085266,0.216295,0.00947353,0.218521,0.0115554,0.208125,0.00930393,0.430649,0.0782753,0.572883,0.0335321
1690,5,195,68.1421,23.8121,0.318813,0.0524615,0.320085,0.0496275,0.320004,0.0477029,0.315911,0.0508834,0.275234,0.0275146,0.638565,0.0141461
1691,5,4532,752.434,124.924,0.299801,0.0619437,0.301312,0.0625556,0.301588,0.0623598,0.295149,0.0636015,0.265383,0.0242349,0.621625,0.0399195
1692,5,64668,3688.15,210.343,0.239744,0.0367409,0.244094,0.0390061,0.24634,0.0414455,0.236684,0.0382835,0.270301,0.0301008,0.601553,0.0729893
1693,5,51,26.8284,14.113,0.290435,0.0461237,0.298612,0.0416833,0.304883,0.0380935,0.29419,0.0423331,0.244521,0.0134693,0.617515,0.00329884
1694,5,147,58.4853,23.2689,0.214419,0.00976432,0.214356,0.00633017,0.213281,0.00623089,0.209433,0.00693869,0.328425,0.0645691,0.668413,0.0301666
1695,5,120,49.0711,20.0664,0.2126,0.0029761,0.223105,0.00358012,0.223161,0.00489612,0.215804,0.00401327,0.453889,0.0322925,0.645664,0.00744245
1696,5,72,31.6569,13.9188,0.277942,0.0286636,0.273087,0.0297179,0.270986,0.0309375,0.268154,0.0310373,0.24695,0.0254816,0.654748,0.00704705
1697,5,124,46.4853,17.4265,0.297795,0.0437216,0.290444,0.0456821,0.282507,0.0452162,0.285552,0.0461559,0.26926,0.0205582,0.678455,0.0059459
1698,5,54,28.8284,15.3903,0.219917,0.00881708,0.217043,0.00789986,0.214974,0.00741157,0.214351,0.00843944,0.258969,0.0158482,0.684434,0.00849008
1699,5,117,41.0711,14.4174,0.210397,0.00876278,0.207033,0.00861154,0.205114,0.00916031,0.204623,0.0086642,0.271895,0.019095,0.602044,0.00478873
1700,5,372,99.2132,26.4604,0.234957,0.0179723,0.232161,0.0179655,0.230245,0.0184003,0.227301,0.0180813,0.279233,0.0188494,0.702085,0.0217338
1701,5,110,57.0711,29.6101,0.208815,0.00405459,0.215485,0.00961069,0.21777,0.0131706,0.210111,0.00759033,0.377291,0.0978466,0.667998,0.00940124
1702,5,2397,327.296,44.6904,0.215206,0.00595277,0.222526,0.00567431,0.224182,0.00812587,0.214969,0.00623402,0.484516,0.0323187,0.52878,0.032864
1703,5,139,55.0711,21.8189,0.214457,0.00837166,0.217211,0.00631862,0.217133,0.00612466,0.208887,0.00871018,0.41642,0.0791972,0.601303,0.00762446
1704,5,62,28.2426,12.8653,0.184783,0.00633643,0.193255,0.00345716,0.193842,0.00459065,0.184672,0.00238806,0.252309,0.010398,0.563862,0.00357482
1705,5,55,32.8284,19.5946,0.21362,0.0145302,0.211592,0.0131687,0.209627,0.0127993,0.209543,0.0138781,0.287629,0.0377273,0.517568,0.0201923
1706,5,92,35.0711,13.3693,0.208938,0.00669238,0.207551,0.00564609,0.207552,0.00564358,0.203425,0.00618509,0.281117,0.0189571,0.608402,0.00487166
1707,5,61,27.6569,12.5394,0.19576,0.00845289,0.19201,0.00918596,0.189506,0.00878046,0.188405,0.00924664,0.27451,0.0254642,0.454696,0.0101144
1708,5,1325,174.184,22.8981,0.212453,0.00878529,0.2206,0.00783091,0.224804,0.0084089,0.213962,0.00757436,0.380244,0.0606961,0.697384,0.0333191
1709,5,69,31.0711,13.9915,0.317803,0.0274931,0.316185,0.026282,0.316286,0.0269504,0.312403,0.0264586,0.266212,0.0258971,0.705738,0.00938336
1710,5,2920,481.522,79.4052,0.282809,0.0672329,0.283613,0.0654349,0.282875,0.0633886,0.277299,0.0660788,0.27076,0.0271083,0.597631,0.0702448
1711,5,1476,281.054,53.5171,0.205315,0.0173901,0.203881,0.0171529,0.202971,0.0168805,0.200013,0.0181934,0.27438,0.033134,0.494168,0.040546
1712,5,237,77.799,25.5387,0.364814,0.0205431,0.361329,0.0202876,0.355335,0.0167191,0.357971,0.0203407,0.289617,0.0250104,0.553028,0.0220436
1713,5,59,27.4142,12.738,0.274525,0.0270155,0.276191,0.0277907,0.275968,0.0288643,0.273219,0.0272695,0.260219,0.0257384,0.682661,0.00481262
1714,5,230,87.5563,33.3309,0.232416,0.0173174,0.228317,0.0172168,0.224391,0.0171218,0.225172,0.0177258,0.280085,0.0243122,0.625176,0.0456646
1715,5,185,50.9706,14.0432,0.210066,0.00593677,0.207898,0.00572083,0.206388,0.00619733,0.203763,0.00610848,0.265649,0.0247545,0.670526,0.0105326
1716,5,83,43.4142,22.7084,0.202002,0.0253604,0.219542,0.0291297,0.225524,0.0315923,0.213564,0.0293087,0.284432,0.0309524,0.57986,0.0175238
1717,5,137,43.5563,13.8479,0.208863,0.00567178,0.207395,0.00591763,0.206577,0.00653395,0.202675,0.00570067,0.276599,0.0219449,0.646676,0.0051736
1718,5,123,43.8995,15.668,0.349087,0.00994276,0.342783,0.0101148,0.335012,0.0107911,0.339083,0.010377,0.266188,0.0211247,0.529664,0.00930493
1719,5,381,122.385,39.3124,0.265577,0.0670811,0.263883,0.0658437,0.260347,0.0623078,0.260461,0.0657421,0.288395,0.028511,0.537969,0.0365814
1720,5,52,28.8284,15.9823,0.384643,0.00423764,0.376564,0.00559762,0.362826,0.00448906,0.373195,0.00598966,0.262217,0.0212722,0.54145,0.00230617
1721,5,480,115.556,27.8193,0.197517,0.00892949,0.199942,0.00938399,0.194037,0.00968255,0.191146,0.00986552,0.261912,0.0288444,0.545481,0.0101367
1722,5,151,52.7279,18.4121,0.191151,0.00426997,0.193039,0.00407699,0.193662,0.00375148,0.186748,0.00348672,0.2535,0.0295343,0.560319,0.0110273
1723,5,376,121.213,39.0762,0.289946,0.0368818,0.288198,0.0360391,0.284909,0.0343955,0.28525,0.0366173,0.259794,0.0264153,0.547693,0.0174739
1724,5,1094,169.397,26.2297,0.211679,0.0138051,0.211852,0.0135403,0.212137,0.0135673,0.207121,0.0138017,0.278632,0.0282398,0.57425,0.016696
1725,5,238,66.1421,18.3814,0.231929,0.0245676,0.233851,0.0244998,0.232129,0.0243218,0.23066,0.0245301,0.262564,0.0231759,0.569782,0.00963981
1726,5,373,126.627,42.9879,0.358145,0.0239568,0.354855,0.0211143,0.348899,0.0185996,0.351127,0.0203347,0.280093,0.0322417,0.507572,0.0390168
1727,5,2114,320.51,48.5934,0.201332,0.00858469,0.201105,0.00845605,0.201637,0.00845145,0.197765,0.0091902,0.272824,0.0288158,0.567996,0.0180411
1728,5,236,77.3137,25.328,0.229302,0.0274265,0.229421,0.0279538,0.227097,0.0284615,0.226505,0.0280122,0.279013,0.0198421,0.553968,0.00737235
1729,5,1088,174.184,27.886,0.194433,0.00459226,0.196157,0.00421804,0.198702,0.00439965,0.191294,0.00370029,0.267092,0.0269991,0.572101,0.0223723
1730,5,225,64.1421,18.2854,0.205343,0.00568427,0.203975,0.00549651,0.203289,0.00558682,0.201104,0.00569686,0.275015,0.0248507,0.595495,0.0157465
1731,5,189,54.1421,15.5099,0.208173,0.00679124,0.208304,0.00660181,0.206145,0.00683033,0.203797,0.00635947,0.274219,0.0241691,0.602281,0.0171838
1732,5,60,32.2426,17.3265,0.20427,0.0132987,0.205271,0.0125994,0.203715,0.0128996,0.202484,0.0133029,0.280654,0.0122423,0.488514,0.00909029
1733,5,245,75.5563,23.3011,0.257938,0.0161695,0.260975,0.0153824,0.261868,0.0147367,0.258445,0.0155164,0.272333,0.0225827,0.40866,0.0145952
1734,5,500,116.385,27.0908,0.218443,0.0177402,0.217506,0.0179048,0.215095,0.0177878,0.214459,0.018475,0.270816,0.0251246,0.502027,0.0229193
1735,5,3146,334.267,35.5164,0.244097,0.0247107,0.243275,0.024119,0.240549,0.0235224,0.23695,0.0243805,0.263105,0.0277829,0.600924,0.0293929
1736,5,133,46.7279,16.4173,0.21466,0.00559526,0.214273,0.00518405,0.214727,0.00538157,0.211082,0.00540784,0.273979,0.0321256,0.738773,0.00944301
1737,5,50,24.2426,11.7541,0.214925,0.00955618,0.213341,0.00815673,0.213404,0.0075031,0.211058,0.00851641,0.270902,0.0202079,0.588108,0.00864865
1738,5,58,32.8284,18.5811,0.283964,0.00544281,0.280631,0.00469074,0.273443,0.00480339,0.278403,0.00490015,0.272955,0.0171547,0.505009,0.0091825
1739,5,306,90.7279,26.9005,0.209056,0.011429,0.209126,0.011129,0.208981,0.012104,0.206902,0.0113576,0.267218,0.0266323,0.549815,0.0303244
1740,5,83,34.8284,14.6147,0.197314,0.00472861,0.197027,0.00532668,0.195759,0.00569352,0.194425,0.00538843,0.271486,0.0151127,0.540215,0.016974
1741,5,94,52.8284,29.6898,0.235639,0.0132343,0.232793,0.0133697,0.228112,0.0132427,0.230976,0.0138417,0.27889,0.0202632,0.626725,0.0233164
1742,5,665,149.113,33.4355,0.242282,0.0207295,0.241178,0.0193756,0.239758,0.0189966,0.237918,0.0195158,0.276061,0.0219548,0.607915,0.00966428
1743,5,75,31.4142,13.158,0.216166,0.0116257,0.215458,0.0111994,0.212634,0.011279,0.212466,0.0116466,0.279582,0.0178366,0.573243,0.00987134
1744,5,225,57.5563,14.7233,0.203984,0.0116344,0.205441,0.0109093,0.205424,0.0102343,0.200278,0.0102808,0.282301,0.0216172,0.554204,0.0429959
1745,5,402,86.6274,18.6674,0.199145,0.00560649,0.196343,0.00564409,0.194042,0.00572256,0.192395,0.00532389,0.274227,0.0227683,0.539482,0.0162987
1746,5,61,34.8284,19.8856,0.236658,0.0131297,0.237349,0.011765,0.236247,0.0113482,0.234591,0.0117685,0.27991,0.0155598,0.652304,0.00527277
1747,5,97,36.8284,13.9828,0.21938,0.0075185,0.217518,0.00751525,0.213896,0.00739821,0.214256,0.00784856,0.276167,0.0142659,0.691418,0.00704469
1748,5,71,30.2426,12.8819,0.215483,0.0112301,0.214044,0.0109892,0.213548,0.0103103,0.210618,0.0112159,0.276664,0.017695,0.5689,0.00814764
1749,5,52,24.8284,11.8548,0.184845,0.00173286,0.189124,0.000948439,0.19163,0.00169603,0.182881,0.00101654,0.236878,0.0213863,0.56341,0.0032872
1750,5,4582,355.38,27.5632,0.200615,0.0100411,0.208084,0.00919199,0.210663,0.0119275,0.199296,0.00972086,0.298238,0.0421848,0.563442,0.037228
1751,5,436,82.0416,15.4377,0.194416,0.00618642,0.194375,0.00645999,0.194761,0.00771971,0.189257,0.00594062,0.272144,0.023231,0.507361,0.0130383
1752,5,208,78.3848,29.5393,0.347585,0.0256708,0.340036,0.0238075,0.330311,0.0189905,0.334815,0.0245392,0.258032,0.0225433,0.63598,0.0158096
1753,5,87,34.8284,13.9428,0.242557,0.0274815,0.247423,0.0278948,0.247993,0.0283488,0.240167,0.029496,0.239802,0.0160597,0.703091,0.0118304
1754,5,77,32.2426,13.5011,0.376742,0.0135901,0.367799,0.0102025,0.355614,0.00879147,0.362143,0.00926933,0.215228,0.0187697,0.509477,0.00802134
1755,5,138,70.4853,36.0013,0.223759,0.0149966,0.223155,0.0159506,0.222256,0.0162016,0.219295,0.0158951,0.247201,0.0315228,0.413435,0.0960403
1756,5,61,28.8284,13.6242,0.220654,0.0131761,0.217725,0.0125124,0.215538,0.0126359,0.215782,0.0128466,0.252909,0.0191805,0.345591,0.00633793
1757,5,107,54.2426,27.4978,0.190634,0.0146082,0.190276,0.0155768,0.190211,0.0165548,0.187077,0.0158551,0.25941,0.0133586,0.407047,0.011679
1758,5,912,277.782,84.6082,0.263803,0.0418862,0.257507,0.0414959,0.252585,0.0406012,0.252939,0.0421003,0.248925,0.0252421,0.595358,0.0694446
1759,5,1815,425.581,99.7901,0.229947,0.035825,0.226414,0.0355897,0.223519,0.0348125,0.22262,0.0362084,0.255485,0.0247283,0.469105,0.0332809
1760,5,83,43.6569,22.9629,0.394755,0.0120076,0.390374,0.0113976,0.385763,0.0100296,0.386879,0.0122779,0.240775,0.0185936,0.675594,0.00339769
1761,5,3364,480.995,68.7741,0.298654,0.0669287,0.297895,0.066575,0.296097,0.0651705,0.292351,0.067796,0.251724,0.0279163,0.616227,0.0651651
1762,5,102,37.6569,13.9023,0.186268,0.00681518,0.184689,0.00706632,0.184265,0.00683631,0.180936,0.00663161,0.238562,0.0230705,0.425411,0.0085111
1763,5,301,88.9706,26.2982,0.402973,0.013696,0.399679,0.0137503,0.394089,0.0135677,0.39476,0.0149035,0.258394,0.0225802,0.627503,0.00653941
1764,5,59,30.8284,16.1083,0.224481,0.0158329,0.219888,0.0149807,0.215926,0.0144342,0.216547,0.0160907,0.253905,0.0213404,0.387998,0.00973229
1765,5,13856,1648.28,196.076,0.300342,0.0491904,0.29831,0.0491615,0.295615,0.0484432,0.293195,0.0487799,0.256664,0.0258661,0.399526,0.0632441
1766,5,194,82.3848,34.9858,0.274974,0.0337935,0.270728,0.0342697,0.266103,0.0339976,0.267872,0.0347166,0.259531,0.0196375,0.380991,0.0266412
1767,5,77,32,13.2987,0.442498,0.0108032,0.435788,0.0069477,0.423723,0.00523835,0.431703,0.00788292,0.240693,0.034916,0.620393,0.00641717
1768,5,123,64.8284,34.1685,0.323075,0.0799788,0.316587,0.0785962,0.310253,0.0767,0.311039,0.0804422,0.256815,0.0237429,0.443199,0.0434897
1769,5,256,94.1421,34.6201,0.221935,0.0356576,0.218955,0.0359678,0.217438,0.0362539,0.214018,0.0361628,0.23295,0.0366875,0.508895,0.0252934
1770,5,226,57.0711,14.412,0.33718,0.0347173,0.337039,0.0345802,0.335985,0.034191,0.333181,0.0350033,0.241662,0.0307935,0.477458,0.00679318
1771,5,118,50.2426,21.3926,0.225182,0.0278076,0.222466,0.0258173,0.220173,0.0246856,0.217867,0.0266921,0.250947,0.023593,0.37626,0.00370075
1772,5,134,52.2426,20.3679,0.352758,0.0275398,0.343632,0.0242126,0.332807,0.017164,0.339042,0.023472,0.26453,0.0226071,0.320896,0.00582212
1773,5,57,34.8284,21.281,0.242446,0.010222,0.239966,0.0108087,0.237444,0.0111674,0.237148,0.0115252,0.217475,0.0163939,0.520863,0.0179116
1774,5,57,27.6569,13.4193,0.213785,0.011581,0.213767,0.0119821,0.21346,0.0125742,0.208098,0.0123997,0.248022,0.0274095,0.513988,0.0149679
1775,5,178,64.4853,23.3615,0.239026,0.0497938,0.23799,0.0504043,0.23678,0.0503389,0.232409,0.0524736,0.245429,0.0269126,0.413908,0.0744418
1776,5,588,158.627,42.7936,0.218097,0.0233319,0.216057,0.0220302,0.214271,0.0208237,0.211646,0.0234186,0.25767,0.0221944,0.435811,0.0168965
1777,5,84,43.6569,22.6895,0.235825,0.0246029,0.234751,0.0240037,0.23461,0.0233404,0.232327,0.0241887,0.251401,0.0228906,0.710425,0.0169126
1778,5,81,36.8284,16.7449,0.224203,0.022255,0.222037,0.0194992,0.219953,0.0178297,0.217247,0.0207445,0.275284,0.0179912,0.374708,0.00712616
1779,5,78,32.4853,13.5294,0.353448,0.0162966,0.3537,0.0177922,0.351204,0.0185837,0.349298,0.0196505,0.23992,0.047321,0.425069,0.00677285
1780,5,437,140.627,45.2542,0.252845,0.0309119,0.250487,0.0298268,0.248102,0.0289336,0.247552,0.030059,0.241989,0.0182271,0.597269,0.0435022
1781,5,131,58.4853,26.1109,0.228807,0.0266382,0.225819,0.0251243,0.221711,0.0239313,0.221839,0.0264544,0.240802,0.0153288,0.496905,0.0144907
1782,5,242,75.5563,23.5899,0.208532,0.00884395,0.206416,0.00873506,0.204693,0.00901908,0.20254,0.00852534,0.266586,0.0331118,0.59398,0.0638732
1783,5,189,100.243,53.1671,0.209514,0.0161481,0.20747,0.0157032,0.206028,0.0155184,0.204429,0.0164676,0.248698,0.0192455,0.434971,0.0372954
1784,5,415,95.799,22.1143,0.288674,0.0637282,0.28678,0.0595944,0.284184,0.0549199,0.281587,0.0601929,0.211661,0.0198031,0.533556,0.0276776
1785,5,117,45.0711,17.3624,0.318301,0.0172705,0.31665,0.0179076,0.313745,0.0182542,0.310516,0.0188148,0.222926,0.0175948,0.596905,0.00927208
1786,5,130,63.6569,31.1707,0.268523,0.0466309,0.270489,0.0480428,0.270951,0.0485056,0.265191,0.0480562,0.218763,0.0161323,0.602911,0.0153744
1787,5,215,109.071,55.3325,0.218943,0.0278929,0.217469,0.0294044,0.216503,0.0300112,0.214072,0.0295829,0.223675,0.0253664,0.452137,0.127946
1788,5,127,48.2426,18.3256,0.188541,0.00894402,0.188494,0.00940602,0.188907,0.00937437,0.182165,0.00865505,0.21828,0.0230785,0.368004,0.0112103
1789,5,8005,705.161,62.1178,0.233145,0.0382365,0.233644,0.0365329,0.233697,0.0371601,0.226792,0.0370254,0.206196,0.0230656,0.452849,0.058875
1790,5,58,26.2426,11.8737,0.299298,0.0335577,0.290022,0.0399417,0.280172,0.0446956,0.28426,0.0419981,0.20426,0.0183257,0.653075,0.00444521
1791,5,115,54.8284,26.1405,0.220243,0.039745,0.216841,0.0362744,0.212601,0.0344911,0.211941,0.0367018,0.23942,0.0309124,0.449824,0.105601
1792,5,529,155.841,45.9098,0.308067,0.056577,0.300745,0.056855,0.293281,0.0565797,0.296307,0.0575616,0.213551,0.0229396,0.699305,0.0224851
1793,5,105,46.4853,20.5798,0.291025,0.0383139,0.289626,0.0379498,0.289747,0.0369988,0.283579,0.0399697,0.194472,0.0240021,0.578378,0.0215612
1794,5,83,36.2426,15.8257,0.197158,0.0181311,0.196905,0.017592,0.196082,0.0168588,0.192517,0.017965,0.207607,0.0189236,0.410371,0.0113492
1795,5,244,99.3137,40.423,0.278979,0.0585304,0.275946,0.0585025,0.273874,0.0571168,0.272932,0.0583184,0.200884,0.0236425,0.366554,0.159456
1796,5,80,36.8284,16.9542,0.197156,0.0149142,0.193993,0.0138801,0.190036,0.0126003,0.19083,0.0143465,0.211176,0.014947,0.466301,0.00645383
1797,5,317,90.6274,25.9096,0.252593,0.0504017,0.252689,0.0498057,0.251436,0.0498321,0.247946,0.0508239,0.207126,0.023537,0.517776,0.0189893
1798,5,22310,1720.87,132.738,0.323318,0.0634606,0.322302,0.0585728,0.319935,0.0538525,0.31489,0.0579117,0.201488,0.0225085,0.350308,0.0646886
1799,5,56,26.8284,12.8529,0.258307,0.0374451,0.250033,0.0360167,0.24263,0.0330257,0.245479,0.0367557,0.214076,0.0200753,0.546453,0.00586024
1800,5,2082,569.137,155.58,0.225795,0.0367933,0.223808,0.0367008,0.221876,0.0364219,0.218823,0.0383529,0.205334,0.0233137,0.434425,0.0455585
1801,5,109,43.0711,17.0194,0.238546,0.0276255,0.234932,0.0256881,0.23134,0.0235794,0.231526,0.0265424,0.204317,0.019539,0.308145,0.0207909
1802,5,103,38.2426,14.199,0.23191,0.0166418,0.230924,0.0158308,0.229,0.0154822,0.228297,0.0159718,0.211346,0.0275672,0.352729,0.0293896
1803,5,105,39.0711,14.5386,0.18965,0.00825478,0.188955,0.00767938,0.187216,0.00742261,0.182896,0.00812452,0.214006,0.0194229,0.438867,0.014518
1804,5,412,113.556,31.2987,0.331659,0.0419364,0.332469,0.0438825,0.330588,0.0441902,0.328115,0.043369,0.200685,0.0188779,0.380888,0.0274303
1805,5,454,118.627,30.9966,0.216286,0.0248313,0.215168,0.0239167,0.213576,0.0230947,0.211417,0.0249222,0.208508,0.0246995,0.36415,0.0136281
1806,5,13130,1268.11,122.476,0.279848,0.0510962,0.277585,0.0490885,0.275143,0.0472988,0.272727,0.0494263,0.217695,0.0262502,0.357274,0.0632652
1807,5,100,50.8284,25.8353,0.332981,0.110462,0.327072,0.10944,0.319048,0.106723,0.323473,0.109413,0.200157,0.0254081,0.379189,0.0157674
1808,5,197,58.4853,17.3631,0.335057,0.0701105,0.327977,0.0667823,0.318708,0.0621236,0.320179,0.068649,0.190624,0.0270988,0.518109,0.0106219
1809,5,408,110.627,29.9961,0.483224,0.0552689,0.475935,0.055153,0.465885,0.0536603,0.470034,0.0549126,0.204988,0.0223098,0.527772,0.0120146
1810,5,101,41.0711,16.7013,0.372634,0.0210123,0.367874,0.0208974,0.361994,0.019423,0.363724,0.0211243,0.198835,0.027804,0.417313,0.00617283
1811,5,3102,519.137,86.8805,0.269442,0.062174,0.268003,0.059428,0.265588,0.0576026,0.262565,0.0585748,0.200359,0.0269545,0.419457,0.0345099
1812,5,191,73.0711,27.9549,0.264233,0.125829,0.258832,0.120154,0.250153,0.11081,0.254663,0.118978,0.203716,0.0254075,0.391963,0.0231389
1813,5,2389,358.267,53.7276,0.306715,0.0828618,0.306279,0.0819062,0.305518,0.0802974,0.300454,0.0828402,0.20204,0.0245848,0.403216,0.0320777
1814,5,2675,295.64,32.6739,0.257645,0.0601442,0.256089,0.058748,0.252889,0.0566818,0.248144,0.0588685,0.202091,0.0258035,0.397921,0.0328052
1815,5,215,86.2426,34.5944,0.283154,0.0755104,0.282177,0.0774552,0.277553,0.0742366,0.278533,0.0762887,0.210798,0.0246197,0.310779,0.0712077
1816,5,372,146.042,57.3338,0.218159,0.0270421,0.213712,0.0267939,0.209605,0.026341,0.209376,0.0276079,0.235631,0.0230996,0.449942,0.0428251
1817,5,5159,1037.83,208.779,0.224709,0.0222941,0.22401,0.021822,0.223582,0.0215177,0.219965,0.0228604,0.226339,0.0283055,0.310498,0.0434188
1818,5,126,48.4853,18.6573,0.221022,0.0263822,0.21601,0.0254054,0.211664,0.0242469,0.2113,0.0263879,0.229412,0.0308538,0.330169,0.0172233
1819,5,381,138.042,50.0144,0.229397,0.0240789,0.225535,0.0235618,0.22211,0.0228973,0.221297,0.0243541,0.247862,0.0220414,0.377687,0.035293
1820,5,226,62.7279,17.4106,0.36012,0.0529015,0.360809,0.0499727,0.359109,0.0464049,0.356559,0.0499023,0.200538,0.0213407,0.546669,0.0123828
1821,5,96,45.6569,21.714,0.384998,0.0125331,0.380821,0.0123656,0.37245,0.011116,0.37773,0.0117275,0.205065,0.0263731,0.415822,0.007918
1822,5,386,90.3848,21.1643,0.21117,0.0168293,0.210535,0.0166619,0.20938,0.0164493,0.20554,0.0179341,0.223844,0.025302,0.329733,0.025758
1823,5,72,45.6569,28.9521,0.225178,0.0184257,0.221686,0.0189185,0.217114,0.0202659,0.21678,0.0208773,0.231318,0.0230849,0.338401,0.00736301
1824,5,112,54.2426,26.2702,0.333701,0.0816375,0.330832,0.0768049,0.326179,0.0717432,0.326751,0.0766811,0.196289,0.0378503,0.31992,0.0742953
1825,5,1307,244.326,45.6734,0.275926,0.0409646,0.272805,0.0393396,0.27008,0.0372676,0.268998,0.0391007,0.231151,0.0211263,0.297003,0.0358493
1826,5,951,217.941,49.9457,0.24692,0.0455302,0.247959,0.0458558,0.248228,0.0456915,0.244035,0.0463007,0.196788,0.0229846,0.422919,0.0402325
1827,5,121,57.0711,26.9182,0.228148,0.0226144,0.226088,0.0209675,0.225386,0.0190627,0.222718,0.0213478,0.212283,0.0190385,0.379886,0.0564074
1828,5,151,81.4142,43.8959,0.271594,0.0696694,0.26901,0.0669864,0.264928,0.06251,0.26365,0.068766,0.204337,0.0244971,0.348756,0.0515628
1829,5,235,83.2132,29.4657,0.268605,0.0311996,0.263561,0.0310994,0.258113,0.0312107,0.259064,0.0321766,0.239967,0.0266617,0.25253,0.0287512
1830,5,848,174.284,35.8196,0.247848,0.0306796,0.246318,0.0301983,0.245199,0.0291137,0.241854,0.0311273,0.232112,0.0274793,0.305926,0.0250438
1831,5,54,24.8284,11.4158,0.208286,0.00797521,0.211069,0.00720421,0.212741,0.00748044,0.203917,0.00671113,0.224328,0.010842,0.295295,0.00308529
1832,5,146,54.4853,20.3332,0.251722,0.0238842,0.252148,0.0249549,0.252391,0.0255895,0.248941,0.0248794,0.237443,0.0221746,0.253008,0.0183434
1833,5,396,117.698,34.9822,0.2554,0.0375292,0.254649,0.0362717,0.252795,0.0352756,0.250995,0.0363066,0.191285,0.0240521,0.355071,0.0090854
1834,5,532,177.355,59.1258,0.238222,0.0271621,0.236028,0.0264052,0.235048,0.0250968,0.232426,0.027301,0.239341,0.0227553,0.291607,0.0107743
1835,5,287,96.3848,32.3694,0.231913,0.0205114,0.228018,0.0202418,0.224115,0.0193115,0.224521,0.0205399,0.238669,0.0202999,0.288539,0.00748102
1836,5,123,52.7279,22.6035,0.184941,0.00572399,0.185112,0.00492197,0.186102,0.00400179,0.180968,0.00581929,0.208895,0.025267,0.367282,0.0114992
1837,5,157,56.1421,20.076,0.240188,0.0144916,0.236957,0.0135638,0.234696,0.0137538,0.233273,0.0143805,0.247958,0.0199121,0.281245,0.0166804
1838,5,306,121.899,48.5604,0.22007,0.029927,0.21894,0.0290721,0.217976,0.0280447,0.215826,0.0292131,0.229425,0.02039,0.326819,0.0581793
1839,5,509,139.941,38.4745,0.245009,0.0279705,0.242831,0.027267,0.239824,0.0263982,0.239052,0.0273238,0.19275,0.0293099,0.237084,0.0344776
1840,5,2882,400.309,55.6027,0.303709,0.065969,0.299899,0.065253,0.29558,0.0642649,0.292815,0.0657297,0.198661,0.0237508,0.315783,0.0530743
1841,5,1198,282.326,66.5342,0.263117,0.0477444,0.258946,0.0462415,0.254314,0.0445322,0.254035,0.0465309,0.203018,0.0268564,0.307145,0.055428
1842,5,111,52.4853,24.8172,0.219402,0.0267247,0.220355,0.0272269,0.221132,0.0286122,0.215497,0.0279556,0.210634,0.0258867,0.379718,0.0398738
1843,5,15543,1155.33,85.8768,0.282066,0.0555893,0.279611,0.0548104,0.276754,0.0537386,0.273829,0.0548362,0.207143,0.0274442,0.353834,0.0745679
1844,5,185,66.9706,24.2435,0.238296,0.0334497,0.236061,0.032333,0.233424,0.0311718,0.231914,0.0336109,0.201675,0.0209568,0.396786,0.0222657
1845,5,165,67.8995,27.9415,0.212287,0.0184713,0.209354,0.017262,0.207279,0.0164453,0.206344,0.0176241,0.221985,0.0260403,0.363514,0.0188809
1846,5,123,45.0711,16.5155,0.276043,0.0279051,0.271662,0.0289562,0.266512,0.0298084,0.266138,0.0304101,0.196748,0.0351742,0.397056,0.00780589
1847,5,314,104.142,34.5401,0.288142,0.0451088,0.286277,0.0454275,0.284468,0.0450985,0.280539,0.0464151,0.205995,0.0248281,0.35658,0.0225227
1848,5,176,108.243,66.5708,0.295114,0.0528793,0.289475,0.055504,0.282543,0.0575541,0.28504,0.0560696,0.207286,0.0218772,0.328355,0.0687405
1849,5,125,60.4853,29.2678,0.298276,0.0328752,0.291009,0.0353262,0.281985,0.0380063,0.286561,0.037649,0.220141,0.0282455,0.39573,0.0113493
1850,5,361,110.627,33.9015,0.273086,0.0339098,0.269232,0.0320631,0.264588,0.0309798,0.262936,0.0330131,0.20956,0.0280739,0.424253,0.0218987
1851,5,135,50.4853,18.8797,0.275958,0.0288218,0.274524,0.0292384,0.272048,0.029512,0.270008,0.02938,0.196398,0.0302299,0.36016,0.00811119
1852,5,52,26.8284,13.8416,0.241079,0.0379284,0.238296,0.0377482,0.234218,0.0373782,0.234385,0.038525,0.198718,0.0258041,0.434122,0.00544344
1853,5,849,188.426,41.8192,0.281062,0.0535358,0.282891,0.0534214,0.28309,0.0529444,0.27532,0.0561358,0.207372,0.0265339,0.231218,0.0191051
1854,5,72,30.2426,12.703,0.234265,0.0271418,0.23499,0.0296026,0.234502,0.0316124,0.229798,0.0312226,0.201089,0.00908525,0.251408,0.00476944
1855,5,430,110.971,28.6383,0.42068,0.0855026,0.415144,0.0866872,0.408172,0.0865712,0.410466,0.086523,0.202718,0.0223935,0.355343,0.0241033
1856,5,217,91.5563,38.6293,0.213506,0.0264926,0.209918,0.0250216,0.206388,0.0232781,0.204443,0.0262867,0.22718,0.0253112,0.435017,0.0061752
1857,5,609,127.456,26.6749,0.345629,0.0496487,0.342879,0.0499096,0.339606,0.0497367,0.337608,0.0508949,0.200889,0.0214197,0.295489,0.0253072
1858,5,99,61.6569,38.3997,0.271209,0.0298144,0.268685,0.0298475,0.26537,0.029295,0.264433,0.0306193,0.19085,0.0245124,0.269997,0.0763227
1859,5,88,46.8284,24.9193,0.386883,0.0895801,0.381661,0.0917591,0.375518,0.092971,0.376614,0.0903726,0.191889,0.0314326,0.272881,0.0901604
1860,5,87,43.0711,21.3232,0.244512,0.0241617,0.237883,0.0238555,0.232116,0.0247057,0.23233,0.0256807,0.198017,0.0105004,0.336984,0.0083104
1861,5,308,102.728,34.2631,0.227558,0.0242149,0.224266,0.0239841,0.220749,0.0238453,0.219525,0.0248959,0.223122,0.0221732,0.490347,0.0172154
1862,5,67,30.2426,13.651,0.291334,0.0286455,0.290691,0.0259126,0.289868,0.0236182,0.285978,0.0276438,0.181446,0.0220965,0.305668,0.00889743
1863,5,85,45.0711,23.8988,0.496974,0.0212354,0.49641,0.0219545,0.493168,0.0217288,0.491594,0.0225682,0.18293,0.0321738,0.400874,0.00929265
1864,5,981,153.698,24.0808,0.300689,0.0553905,0.300196,0.0529035,0.298545,0.0506613,0.293743,0.0539457,0.198461,0.0267748,0.410378,0.0308818
1865,5,189,54.1421,15.5099,0.535635,0.0246148,0.532569,0.0209876,0.52613,0.0173259,0.524981,0.0239457,0.193941,0.0224333,0.37105,0.00478143
1866,5,102,51.4142,25.9159,0.273692,0.0263016,0.269268,0.0252917,0.265122,0.0240496,0.265916,0.0258363,0.188082,0.0239984,0.275835,0.0259354
1867,5,143,63.6569,28.337,0.316418,0.0711963,0.310009,0.0706248,0.303179,0.0701641,0.305082,0.0723552,0.205238,0.0189237,0.381119,0.132663
1868,5,91,52.2426,29.9922,0.428364,0.137096,0.427228,0.135876,0.423063,0.132151,0.42328,0.136562,0.20306,0.0252332,0.367686,0.0296484
1869,5,88,44,22,0.268692,0.0496033,0.263212,0.0469392,0.256468,0.0440538,0.25923,0.0472144,0.21221,0.0124774,0.5582,0.00823961
1870,5,147,62.7279,26.7673,0.290789,0.0302878,0.288495,0.0309232,0.285741,0.0319709,0.28472,0.0321424,0.206909,0.0175099,0.57198,0.0072513
1871,5,287,95.8995,32.0443,0.263692,0.102592,0.262991,0.10129,0.260962,0.0988804,0.258453,0.101188,0.188222,0.0224705,0.54539,0.056784
1872,5,109,38.4853,13.5882,0.405002,0.0361244,0.401624,0.0363016,0.397612,0.0367741,0.395387,0.0389195,0.187192,0.0376168,0.312856,0.00624148
1873,5,203,78.7279,30.5324,0.244528,0.032376,0.242036,0.033182,0.238852,0.0336104,0.238349,0.0334705,0.191713,0.0199362,0.266076,0.0287909
1874,5,356,98.0416,27.0005,0.217663,0.0258959,0.215459,0.0247495,0.213288,0.0238561,0.211073,0.0259421,0.196376,0.0227917,0.475592,0.0475036
1875,5,105,46.4853,20.5798,0.317412,0.0557626,0.316257,0.0548757,0.314012,0.0534445,0.310913,0.0549438,0.197535,0.0203249,0.383784,0.0126974
1876,5,232,70.3848,21.3535,0.300084,0.0456365,0.301959,0.0443115,0.302786,0.042953,0.294078,0.0469326,0.198918,0.0282417,0.229322,0.0169567
1877,5,215,82.3848,31.5686,0.465628,0.0369781,0.464195,0.039372,0.460505,0.0412599,0.458421,0.0405425,0.197191,0.0251341,0.362225,0.0193165
1878,5,57,26.2426,12.082,0.353312,0.0137687,0.35021,0.0137697,0.346144,0.0135181,0.346365,0.0148573,0.201858,0.0299299,0.215268,0.00446377
1879,5,50,25.4142,12.9176,0.25115,0.0251962,0.247912,0.0245799,0.243449,0.0252982,0.242727,0.0265938,0.180314,0.015637,0.3,0.0038222
1880,5,737,190.184,49.0772,0.262127,0.0557988,0.261068,0.0536026,0.260149,0.051415,0.25541,0.0558078,0.201963,0.0246072,0.397301,0.0139592
1881,5,53,30.8284,17.9319,0.305244,0.051337,0.298582,0.0519638,0.291112,0.0513288,0.292857,0.0529027,0.220422,0.0129585,0.266828,0.0063794
1882,5,78,33.6569,14.5229,0.263534,0.0364397,0.259216,0.0331524,0.255292,0.0301091,0.252238,0.0351877,0.213022,0.0140203,0.256064,0.00855968
1883,5,234,73.3137,22.9697,0.256061,0.0359168,0.251503,0.0348125,0.246761,0.0340264,0.246948,0.0357436,0.20476,0.0172988,0.301888,0.016223
1884,5,56,28.2426,14.2437,0.444038,0.0197941,0.441647,0.0212598,0.436939,0.0228062,0.437434,0.0215853,0.20119,0.0142539,0.291144,0.00629151
1885,5,131,69.0711,36.4184,0.279237,0.0404994,0.275498,0.0388197,0.271685,0.0376048,0.269747,0.0415203,0.192666,0.0178457,0.290179,0.0633417
1886,5,90,45.0711,22.5711,0.307063,0.0805882,0.305089,0.0777542,0.30259,0.0745268,0.299483,0.0786353,0.201438,0.024064,0.334685,0.0407303
1887,5,391,122.87,38.6114,0.273712,0.0583117,0.266247,0.0567351,0.259258,0.0549107,0.260234,0.0583917,0.196129,0.0250129,0.4123,0.00842448
1888,5,381,109.456,31.4451,0.274043,0.0542308,0.267614,0.0529488,0.261455,0.0514383,0.26193,0.0544194,0.200566,0.0200818,0.303965,0.0128169
1889,5,166,53.8995,17.5009,0.210143,0.0184109,0.206905,0.0175078,0.204399,0.0168887,0.202296,0.0187497,0.191212,0.0348242,0.357457,0.00509686
1890,5,600,143.213,34.1834,0.331025,0.0462939,0.327108,0.0460859,0.322647,0.0458321,0.322814,0.0467677,0.203209,0.0247656,0.292984,0.0183275
1891,5,392,115.556,34.0645,0.464199,0.0775865,0.464407,0.0786612,0.461623,0.0789054,0.457125,0.0785556,0.203451,0.0207542,0.330771,0.0856801
1892,5,278,84.9706,25.9712,0.237989,0.0345755,0.237014,0.0336931,0.235553,0.0327665,0.231124,0.0358576,0.192467,0.0290301,0.286676,0.00781669
1893,5,104,41.6569,16.6855,0.235112,0.0355185,0.234867,0.0339298,0.234045,0.0327008,0.230468,0.0353079,0.205656,0.022069,0.430223,0.0164025
1894,5,1382,210.225,31.9788,0.277533,0.0480389,0.276878,0.048237,0.27602,0.0482231,0.270212,0.0499212,0.208612,0.0239019,0.347782,0.057006
1895,5,91,37.6569,15.5828,0.257677,0.0493883,0.254013,0.0491054,0.248709,0.0479902,0.247317,0.0505968,0.194743,0.0245778,0.304648,0.00545422
1896,5,70,32.8284,15.3958,0.248515,0.0280295,0.243854,0.0267129,0.239288,0.0254094,0.2396,0.0271948,0.188571,0.017434,0.323069,0.00514489
1897,5,117,56.8284,27.6023,0.314892,0.0601085,0.31139,0.0564421,0.306217,0.0538548,0.303388,0.0595834,0.186224,0.0214831,0.272292,0.0110077
1898,5,94,51.6569,28.3876,0.280124,0.0667517,0.27788,0.0703834,0.274231,0.0721604,0.271716,0.07137,0.185524,0.0231369,0.492309,0.140694
1899,5,208,86.7279,36.1622,0.272949,0.036436,0.267633,0.0358045,0.261923,0.0351901,0.262874,0.0369277,0.190969,0.0312094,0.236324,0.0156009
1900,5,81,49.0711,29.728,0.267285,0.0394844,0.256884,0.039485,0.247372,0.0394459,0.252844,0.0406668,0.196417,0.0145588,0.341758,0.0102314
1901,5,53,25.4142,12.1865,0.241753,0.0306775,0.235795,0.028341,0.228779,0.0260255,0.231521,0.0287,0.208287,0.0115697,0.2936,0.00650553
1902,5,55,25.4142,11.7433,0.288704,0.0639706,0.284182,0.062566,0.27765,0.060814,0.276654,0.0639251,0.19016,0.0152501,0.286241,0.00372623
1903,5,73,31.4142,13.5185,0.378262,0.0709193,0.385714,0.0669279,0.389953,0.0624436,0.381164,0.0674852,0.211066,0.0121669,0.240374,0.00813566
1904,5,61,38.8284,24.7155,0.30888,0.0579131,0.296952,0.0575629,0.285701,0.0557544,0.285854,0.061054,0.175313,0.0251789,0.259637,0.00902866
1905,5,120,61.8995,31.9296,0.340938,0.0993452,0.339675,0.102396,0.3375,0.105031,0.335999,0.102265,0.195588,0.0217023,0.27027,0.0683624
1906,5,230,84.7279,31.2123,0.292105,0.0471307,0.288138,0.0458453,0.283787,0.0443497,0.280615,0.0481276,0.195669,0.0226424,0.261663,0.0194494
1907,5,652,149.213,34.1481,0.308019,0.0754969,0.310578,0.0766541,0.312343,0.0767585,0.303163,0.077739,0.200072,0.0225433,0.284416,0.0249796
1908,5,225,77.5563,26.7333,0.199783,0.0144412,0.198905,0.0141255,0.197729,0.0140009,0.194037,0.0146297,0.20922,0.0218003,0.437357,0.0157107
1909,5,95,38.2426,15.3947,0.282218,0.0483341,0.274152,0.0455672,0.266798,0.0423498,0.266922,0.0467815,0.183612,0.0164812,0.243528,0.00135695
1910,5,675,191.355,54.2472,0.324106,0.076853,0.321215,0.0765726,0.31802,0.0757512,0.315186,0.0783093,0.20093,0.0229679,0.322352,0.0175454
1911,5,97,49.0711,24.8244,0.218467,0.0258346,0.216656,0.024212,0.213865,0.0226042,0.209717,0.0267178,0.199879,0.0138672,0.328782,0.0772395
1912,5,326,124.728,47.721,0.267017,0.0647938,0.267431,0.0636888,0.267642,0.062604,0.260463,0.065649,0.208625,0.0174921,0.390545,0.027879
1913,5,190,60.4853,19.2551,0.241391,0.0356263,0.242111,0.0340495,0.24299,0.032868,0.236019,0.0358749,0.188132,0.0171052,0.413016,0.0140108
1914,5,208,103.314,51.316,0.268903,0.0735843,0.266198,0.069792,0.263712,0.065585,0.259975,0.0724994,0.195079,0.0193908,0.319289,0.0214666
1915,5,166,78.7279,37.3379,0.310306,0.0636767,0.297179,0.0602845,0.284155,0.0567494,0.289173,0.0626483,0.205457,0.0173186,0.320091,0.0131927
1916,5,248,147.071,87.2173,0.310134,0.0826375,0.309954,0.0821596,0.308836,0.0817936,0.303792,0.0828968,0.199573,0.0199745,0.346011,0.0649151
1917,5,109,49.6569,22.622,0.22313,0.0297228,0.22157,0.0292412,0.220138,0.029406,0.215929,0.0297185,0.212053,0.0174143,0.366601,0.00595994
1918,5,55,34.8284,22.0549,0.425593,0.0517497,0.427161,0.0521563,0.427499,0.0517141,0.422395,0.0536134,0.212549,0.0175601,0.452457,0.0180828
1919,5,82,44.8284,24.5072,0.299712,0.0493468,0.300523,0.0495015,0.299132,0.0492918,0.294706,0.0497006,0.199713,0.017514,0.265491,0.00428477
1920,5,93,49.8995,26.7738,0.373777,0.0314753,0.372466,0.0316287,0.370287,0.0314997,0.368068,0.0321873,0.198313,0.0167507,0.301439,0.00748293
1921,5,68,32.2426,15.2881,0.238129,0.0320194,0.233431,0.0302233,0.229047,0.0283035,0.227223,0.031044,0.204383,0.0183264,0.393084,0.0044791
1922,5,164,87.0711,46.2279,0.279235,0.0395839,0.283077,0.0379102,0.284809,0.0368705,0.276556,0.0405337,0.206145,0.0197229,0.230719,0.0250296
1923,5,248,130.485,68.6549,0.314734,0.0684204,0.315731,0.0660107,0.314649,0.0634813,0.310653,0.0679924,0.211622,0.0225369,0.265339,0.0465932
1924,5,643,203.841,64.6205,0.255388,0.0533817,0.256691,0.0525935,0.257662,0.0515585,0.249401,0.0544922,0.194102,0.0260673,0.308615,0.0581403
1925,5,80,33.0711,13.6712,0.290085,0.0303066,0.288233,0.0318783,0.285394,0.0335448,0.281598,0.0345181,0.19299,0.024823,0.179476,0.0135069
1926,5,182,94.2426,48.8004,0.310068,0.0406131,0.303631,0.0408217,0.297605,0.0407713,0.298376,0.0418337,0.189787,0.0242988,0.235298,0.0437211
1927,5,242,99.3137,40.7571,0.301044,0.0842496,0.295607,0.0836702,0.290281,0.0825633,0.288602,0.0864434,0.20619,0.0299051,0.332645,0.0283988
1928,5,72,32.2426,14.4387,0.211072,0.0195612,0.213453,0.019821,0.216524,0.0200595,0.205092,0.0217458,0.208061,0.013119,0.308934,0.00506409
1929,5,264,123.071,57.3731,0.298147,0.100464,0.297725,0.0993943,0.297204,0.0977101,0.291636,0.100883,0.2097,0.0268044,0.298884,0.0108873
1930,5,131,65.8995,33.1507,0.44365,0.0267864,0.44121,0.0269731,0.436898,0.0267038,0.435768,0.0278438,0.20479,0.0157183,0.31994,0.0069812
1931,5,187,92.9706,46.2221,0.315953,0.0835068,0.314695,0.0800086,0.312303,0.0763259,0.309478,0.0812984,0.208976,0.0206803,0.326203,0.00725407
1932,5,138,47.0711,16.0557,0.31344,0.0646737,0.322749,0.0631694,0.329414,0.0608251,0.316001,0.0647594,0.207303,0.0197279,0.353897,0.00558853
1933,5,92,46.8284,23.8359,0.240266,0.0211784,0.240967,0.0202241,0.241644,0.0206606,0.23525,0.0201356,0.207119,0.0210384,0.277982,0.0176976
1934,5,201,108.485,58.5525,0.291776,0.0384997,0.291252,0.0388347,0.289568,0.0395633,0.285329,0.0397781,0.203922,0.0290186,0.238134,0.0430382
